country,year,gini_coefficient
Albania,1996,0.27010342
Albania,2002,0.317389798
Albania,2005,0.305956557
Albania,2008,0.299846704
Albania,2012,0.289604846
Albania,2014,0.345988965
Albania,2015,0.327537318
Albania,2016,0.337362987
Albania,2017,0.330556627
Albania,2018,0.301482817
Albania,2019,0.30771739
Algeria,1988,0.401949092
Algeria,1995,0.353300543
Algeria,2011,0.276157309
Angola,2000,0.519568925
Angola,2008,0.42715515
Angola,2018,0.512721112
Argentina - urban,1980,0.408308605
Argentina - urban,1986,0.42808887
Argentina - urban,1987,0.452763661
Argentina - urban,1991,0.467617391
Argentina - urban,1992,0.45468093
Argentina - urban,1993,0.448562859
Argentina - urban,1994,0.459168036
Argentina - urban,1995,0.489044033
Argentina - urban,1996,0.495244294
Argentina - urban,1997,0.491104752
Argentina - urban,1998,0.507336438
Argentina - urban,1999,0.497920414
Argentina - urban,2000,0.510639577
Argentina - urban,2001,0.53343106
Argentina - urban,2002,0.537937583
Argentina - urban,2003,0.50897157
Argentina - urban,2004,0.483770346
Argentina - urban,2005,0.477073551
Argentina - urban,2006,0.4634608
Argentina - urban,2007,0.461735563
Argentina - urban,2008,0.448767903
Argentina - urban,2009,0.43654197
Argentina - urban,2010,0.435832183
Argentina - urban,2011,0.426452806
Argentina - urban,2012,0.413261979
Argentina - urban,2013,0.409454422
Argentina - urban,2014,0.416327899
Argentina - urban,2016,0.420325289
Argentina - urban,2017,0.411344884
Argentina - urban,2018,0.413424984
Argentina - urban,2019,0.429058504
Argentina - urban,2020,0.423432911
Armenia,1996,0.44418623
Armenia,1999,0.362197243
Armenia,2001,0.35364359
Armenia,2002,0.347796743
Armenia,2003,0.330280869
Armenia,2004,0.375056325
Armenia,2005,0.359923534
Armenia,2006,0.297099848
Armenia,2007,0.312260583
Armenia,2008,0.291881417
Armenia,2009,0.280158774
Armenia,2010,0.299925823
Armenia,2011,0.293529458
Armenia,2012,0.296022614
Armenia,2013,0.305796632
Armenia,2014,0.314832907
Armenia,2015,0.323567718
Armenia,2016,0.325479484
Armenia,2017,0.336218374
Armenia,2018,0.344334977
Armenia,2019,0.298782071
Armenia,2020,0.251717426
Australia,1981,0.31325787
Australia,1985,0.324976853
Australia,1989,0.331538347
Australia,1995,0.325819904
Australia,2001,0.334647977
Australia,2003,0.335005161
Australia,2004,0.330574095
Australia,2008,0.354285083
Australia,2010,0.346567276
Australia,2014,0.343994314
Australia,2016,0.336858105
Australia,2018,0.343337622
Austria,1987,0.230444933
Austria,1994,0.313223423
Austria,1995,0.310592689
Austria,1997,0.302298534
Austria,2000,0.288371061
Austria,2003,0.294660779
Austria,2004,0.297889898
Austria,2005,0.287154333
Austria,2006,0.295875829
Austria,2007,0.305799959
Austria,2008,0.304373858
Austria,2009,0.314962324
Austria,2010,0.302522631
Austria,2011,0.308016687
Austria,2012,0.304763178
Austria,2013,0.307531331
Austria,2014,0.305356828
Austria,2015,0.30532775
Austria,2016,0.30797074
Austria,2017,0.29737585
Austria,2018,0.308487901
Austria,2019,0.302115515
Azerbaijan,1995,0.346502852
Azerbaijan,2001,0.364549364
Azerbaijan,2002,0.252776662
Azerbaijan,2003,0.268328779
Azerbaijan,2004,0.266215925
Azerbaijan,2005,0.265549077
Bangladesh,1983,0.258764899
Bangladesh,1988,0.288465469
Bangladesh,1991,0.275708056
Bangladesh,1995,0.329429829
Bangladesh,2000,0.334065309
Bangladesh,2005,0.332012921
Bangladesh,2010,0.321303194
Bangladesh,2016,0.323852725
Belarus,1993,0.216037193
Belarus,1995,0.287617308
Belarus,1998,0.320183498
Belarus,1999,0.317381486
Belarus,2000,0.311674836
Belarus,2001,0.305767237
Belarus,2002,0.303362442
Belarus,2003,0.288210118
Belarus,2004,0.264798851
Belarus,2005,0.275534107
Belarus,2006,0.28275443
Belarus,2007,0.296123799
Belarus,2008,0.278260446
Belarus,2009,0.276893063
Belarus,2010,0.285665998
Belarus,2011,0.271525517
Belarus,2012,0.26526199
Belarus,2013,0.265750525
Belarus,2014,0.271766668
Belarus,2015,0.256332263
Belarus,2016,0.253066162
Belarus,2017,0.2544457
Belarus,2018,0.252405254
Belarus,2019,0.252778477
Belarus,2020,0.243833552
Belgium,1985,0.252038515
Belgium,1988,0.25714683
Belgium,1992,0.249518773
Belgium,1995,0.284122689
Belgium,1997,0.268325629
Belgium,2000,0.331375589
Belgium,2003,0.281439485
Belgium,2004,0.30541503
Belgium,2005,0.293373291
Belgium,2006,0.280544964
Belgium,2007,0.292379744
Belgium,2008,0.283740114
Belgium,2009,0.285513502
Belgium,2010,0.283751912
Belgium,2011,0.280606956
Belgium,2012,0.274910949
Belgium,2013,0.276692012
Belgium,2014,0.281341459
Belgium,2015,0.277294625
Belgium,2016,0.275809819
Belgium,2017,0.273879678
Belgium,2018,0.272144137
Belgium,2019,0.272198008
Belize,1993,0.60253986
Belize,1994,0.609084287
Belize,1995,0.575542832
Belize,1996,0.565936851
Belize,1997,0.604253153
Belize,1998,0.549060262
Belize,1999,0.532627659
Benin,2003,0.385781991
Benin,2011,0.434397071
Benin,2015,0.477559141
Benin,2018,0.378086
Bhutan,2003,0.408980009
Bhutan,2007,0.380907722
Bhutan,2012,0.388093271
Bhutan,2017,0.374414096
Bolivia,1997,0.581644284
Bolivia,1999,0.580970457
Bolivia,2000,0.616399151
Bolivia,2001,0.573987961
Bolivia,2002,0.593110391
Bolivia,2004,0.550098723
Bolivia,2005,0.585279334
Bolivia,2006,0.566676818
Bolivia,2007,0.545370687
Bolivia,2008,0.508160807
Bolivia,2009,0.492229627
Bolivia,2011,0.460809514
Bolivia,2012,0.465852318
Bolivia,2013,0.475987892
Bolivia,2014,0.478319912
Bolivia,2015,0.467399531
Bolivia,2016,0.452506611
Bolivia,2017,0.446161139
Bolivia,2018,0.425795049
Bolivia,2019,0.416496365
Bolivia,2020,0.436153288
Bolivia - urban,1990,0.420357227
Bolivia - urban,1992,0.491100534
Bosnia and Herzegovina,2001,0.299664485
Bosnia and Herzegovina,2004,0.340374901
Bosnia and Herzegovina,2007,0.330615865
Bosnia and Herzegovina,2011,0.330301859
Botswana,1985,0.542121055
Botswana,1993,0.607906504
Botswana,2002,0.64731308
Botswana,2009,0.604590468
Botswana,2015,0.533250267
Brazil,1981,0.579308511
Brazil,1982,0.584171057
Brazil,1983,0.589880113
Brazil,1984,0.583760414
Brazil,1985,0.555867915
Brazil,1986,0.584646133
Brazil,1987,0.596927904
Brazil,1988,0.614283584
Brazil,1989,0.632951253
Brazil,1990,0.604872725
Brazil,1992,0.531729559
Brazil,1993,0.601188215
Brazil,1995,0.595697247
Brazil,1996,0.59888907
Brazil,1997,0.597996583
Brazil,1998,0.596072313
Brazil,1999,0.589915929
Brazil,2001,0.584133277
Brazil,2002,0.581136431
Brazil,2003,0.575627919
Brazil,2004,0.564787516
Brazil,2005,0.563162962
Brazil,2006,0.556473171
Brazil,2007,0.549277443
Brazil,2008,0.5404328
Brazil,2009,0.536872336
Brazil,2011,0.529475926
Brazil,2012,0.534398527
Brazil,2013,0.526865403
Brazil,2014,0.520331403
Brazil,2015,0.519308287
Brazil,2016,0.533428448
Brazil,2017,0.5333405
Brazil,2018,0.538709474
Brazil,2019,0.534857704
Brazil,2020,0.488803809
Bulgaria,1989,0.234271846
Bulgaria,1992,0.30714308
Bulgaria,1994,0.243219703
Bulgaria,1995,0.32772338
Bulgaria,1997,0.263782426
Bulgaria,2001,0.326821614
Bulgaria,2003,0.289179044
Bulgaria,2006,0.357025734
Bulgaria,2007,0.281363414
Bulgaria,2008,0.335731274
Bulgaria,2009,0.338231988
Bulgaria,2010,0.356535721
Bulgaria,2011,0.342786077
Bulgaria,2012,0.360139231
Bulgaria,2013,0.365736454
Bulgaria,2014,0.374185684
Bulgaria,2015,0.385673472
Bulgaria,2016,0.405910637
Bulgaria,2017,0.403790468
Bulgaria,2018,0.41284099
Bulgaria,2019,0.40271384
Burkina Faso,1994,0.480724934
Burkina Faso,1998,0.499439699
Burkina Faso,2003,0.432525114
Burkina Faso,2009,0.397622364
Burkina Faso,2014,0.353012275
Burkina Faso,2018,0.473471278
Burundi,1992,0.333338119
Burundi,1998,0.423165258
Burundi,2006,0.333598635
Burundi,2013,0.386248187
Cameroon,1996,0.444467581
Cameroon,2001,0.421367941
Cameroon,2007,0.428200629
Cameroon,2014,0.466408738
Canada,1971,0.37257143
Canada,1975,0.332983624
Canada,1981,0.32438636
Canada,1987,0.31474026
Canada,1991,0.310210857
Canada,1994,0.312557361
Canada,1997,0.316309688
Canada,1998,0.331610293
Canada,2000,0.333439091
Canada,2004,0.337435608
Canada,2007,0.338410079
Canada,2010,0.335926034
Canada,2012,0.335390108
Canada,2013,0.337989822
Canada,2014,0.33157606
Canada,2015,0.337464825
Canada,2016,0.327018237
Canada,2017,0.333082063
Cape Verde,2001,0.524963032
Cape Verde,2007,0.471873889
Cape Verde,2015,0.423810874
Central African Republic,1992,0.613307461
Central African Republic,2008,0.562366082
Chad,2003,0.398245701
Chad,2011,0.433212117
Chad,2018,0.374991545
Chile,1987,0.562101581
Chile,1990,0.572491006
Chile,1992,0.548144893
Chile,1994,0.564335963
Chile,1996,0.54873679
Chile,1998,0.555220691
Chile,2000,0.52772009
Chile,2003,0.51489868
Chile,2006,0.472948164
Chile,2009,0.46991219
Chile,2011,0.460483497
Chile,2013,0.458311061
Chile,2015,0.443713277
Chile,2017,0.444410284
Chile,2020,0.449209395
China,1981,0.281640967
China,1984,0.271023016
China,1987,0.293859583
China,1990,0.322266182
China,1993,0.338777995
China,1996,0.352276601
China,1999,0.387032152
China,2002,0.419857242
China,2005,0.409007668
China,2008,0.429650385
China,2010,0.437449533
China,2011,0.424092243
China,2012,0.422371658
China,2013,0.397363984
China,2014,0.391776523
China,2015,0.385953024
China,2016,0.384805186
China,2017,0.390757759
China,2018,0.384976421
China,2019,0.381683425
China - rural,1981,0.247292331
China - rural,1984,0.266861278
China - rural,1987,0.29451064
China - rural,1990,0.305734705
China - rural,1993,0.321264639
China - rural,1996,0.336204405
China - rural,1999,0.353894188
China - rural,2002,0.380193538
China - rural,2005,0.358492019
China - rural,2008,0.393990501
China - rural,2010,0.406078874
China - rural,2011,0.38497447
China - rural,2012,0.394973467
China - rural,2013,0.339710112
China - rural,2014,0.337563904
China - rural,2015,0.332428073
China - rural,2016,0.331798376
China - rural,2017,0.342559863
China - rural,2018,0.335415647
China - rural,2019,0.326748621
China - urban,1981,0.184618573
China - urban,1984,0.177919784
China - urban,1987,0.201993541
China - urban,1990,0.255946399
China - urban,1993,0.284663601
China - urban,1996,0.290892281
China - urban,1999,0.315475645
China - urban,2002,0.334609985
China - urban,2005,0.347987066
China - urban,2008,0.351543057
China - urban,2010,0.357445229
China - urban,2011,0.35559226
China - urban,2012,0.353533521
China - urban,2013,0.366862311
China - urban,2014,0.364296748
China - urban,2015,0.361562234
China - urban,2016,0.361248256
China - urban,2017,0.369419298
China - urban,2018,0.369061327
China - urban,2019,0.370525572
Colombia,1992,0.514536725
Colombia,1996,0.569369082
Colombia,1999,0.587396001
Colombia,2000,0.58682893
Colombia,2001,0.574830396
Colombia,2002,0.560189005
Colombia,2003,0.535864778
Colombia,2004,0.549810497
Colombia,2005,0.539133393
Colombia,2008,0.553232461
Colombia,2009,0.542964151
Colombia,2010,0.546254766
Colombia,2011,0.534902914
Colombia,2012,0.526454824
Colombia,2013,0.526326364
Colombia,2014,0.52551015
Colombia,2015,0.509904209
Colombia,2016,0.505706771
Colombia,2017,0.497154848
Colombia,2018,0.504187041
Colombia,2019,0.513349741
Colombia,2020,0.541739756
Colombia - urban,1980,0.591267268
Colombia - urban,1988,0.531062511
Colombia - urban,1989,0.535924653
Colombia - urban,1991,0.513189056
Comoros,2004,0.559251602
Comoros,2014,0.453345947
Congo,2005,0.473305418
Congo,2011,0.489386705
Costa Rica,1981,0.474947622
Costa Rica,1986,0.344240454
Costa Rica,1989,0.455707618
Costa Rica,1990,0.453015441
Costa Rica,1991,0.466478502
Costa Rica,1992,0.457123974
Costa Rica,1993,0.46003164
Costa Rica,1994,0.467524085
Costa Rica,1995,0.457126848
Costa Rica,1996,0.465417409
Costa Rica,1997,0.456171152
Costa Rica,1998,0.456672232
Costa Rica,1999,0.476653323
Costa Rica,2000,0.474494719
Costa Rica,2001,0.515150664
Costa Rica,2002,0.518236307
Costa Rica,2003,0.493087
Costa Rica,2004,0.484239382
Costa Rica,2005,0.475137027
Costa Rica,2006,0.492852664
Costa Rica,2007,0.493142999
Costa Rica,2008,0.48645482
Costa Rica,2009,0.505601251
Costa Rica,2010,0.480459678
Costa Rica,2011,0.487621657
Costa Rica,2012,0.484190275
Costa Rica,2013,0.49152471
Costa Rica,2014,0.486341956
Costa Rica,2015,0.483761414
Costa Rica,2016,0.487060656
Costa Rica,2017,0.483465406
Costa Rica,2018,0.479685473
Costa Rica,2019,0.481878336
Costa Rica,2020,0.492503165
Cote d'Ivoire,1985,0.455262681
Cote d'Ivoire,1986,0.379697614
Cote d'Ivoire,1987,0.405100992
Cote d'Ivoire,1988,0.368862859
Cote d'Ivoire,1992,0.393857643
Cote d'Ivoire,1995,0.405638205
Cote d'Ivoire,1998,0.389599627
Cote d'Ivoire,2002,0.413400416
Cote d'Ivoire,2008,0.431837333
Cote d'Ivoire,2015,0.414748
Cote d'Ivoire,2018,0.371835636
Croatia,1998,0.287483605
Croatia,1999,0.277069422
Croatia,2000,0.313256437
Croatia,2001,0.311021619
Croatia,2004,0.296774046
Croatia,2008,0.337087724
Croatia,2009,0.331833481
Croatia,2010,0.273541012
Croatia,2011,0.322574343
Croatia,2012,0.324751504
Croatia,2013,0.319954852
Croatia,2014,0.321071489
Croatia,2015,0.311153148
Croatia,2016,0.308997256
Croatia,2017,0.303545759
Croatia,2018,0.297294736
Croatia,2019,0.289090897
Cyprus,2004,0.300894008
Cyprus,2005,0.302594562
Cyprus,2006,0.311259618
Cyprus,2007,0.311132723
Cyprus,2008,0.317086618
Cyprus,2009,0.321088469
Cyprus,2010,0.314579286
Cyprus,2011,0.326255244
Cyprus,2012,0.343124334
Cyprus,2013,0.370419929
Cyprus,2014,0.35565653
Cyprus,2015,0.33966378
Cyprus,2016,0.328917954
Cyprus,2017,0.31416234
Cyprus,2018,0.32739861
Cyprus,2019,0.312242271
Czechia,1992,0.207032835
Czechia,1993,0.266047934
Czechia,1996,0.257990097
Czechia,2002,0.265550951
Czechia,2004,0.2753318
Czechia,2005,0.269460429
Czechia,2006,0.267441556
Czechia,2007,0.259986894
Czechia,2008,0.262802722
Czechia,2009,0.261566746
Czechia,2010,0.266235138
Czechia,2011,0.263813431
Czechia,2012,0.261100175
Czechia,2013,0.264739033
Czechia,2014,0.259232209
Czechia,2015,0.25867433
Czechia,2016,0.254063329
Czechia,2017,0.248522097
Czechia,2018,0.249903408
Czechia,2019,0.252621969
Democratic Republic of Congo,2004,0.421636322
Democratic Republic of Congo,2012,0.420997092
Denmark,1987,0.262350397
Denmark,1992,0.246938104
Denmark,1995,0.229558964
Denmark,2000,0.237663197
Denmark,2003,0.256316711
Denmark,2004,0.249127965
Denmark,2005,0.251868891
Denmark,2006,0.25913077
Denmark,2007,0.26184259
Denmark,2008,0.252465008
Denmark,2009,0.267015601
Denmark,2010,0.271985592
Denmark,2011,0.273117461
Denmark,2012,0.277907505
Denmark,2013,0.285437629
Denmark,2014,0.283528792
Denmark,2015,0.281774465
Denmark,2016,0.281874407
Denmark,2017,0.287466614
Denmark,2018,0.281663362
Denmark,2019,0.277236462
Djibouti,2002,0.39997839
Djibouti,2012,0.451342527
Djibouti,2013,0.441270749
Djibouti,2017,0.415879916
Dominican Republic,1986,0.477807972
Dominican Republic,1989,0.504578658
Dominican Republic,1992,0.513597609
Dominican Republic,1996,0.474344406
Dominican Republic,1997,0.489238581
Dominican Republic,2000,0.515212021
Dominican Republic,2001,0.499992259
Dominican Republic,2002,0.496775186
Dominican Republic,2003,0.52127291
Dominican Republic,2004,0.520562049
Dominican Republic,2005,0.499682092
Dominican Republic,2006,0.51963103
Dominican Republic,2007,0.488593715
Dominican Republic,2008,0.48109169
Dominican Republic,2009,0.488758412
Dominican Republic,2010,0.473265993
Dominican Republic,2011,0.47706905
Dominican Republic,2012,0.461337531
Dominican Republic,2013,0.476563933
Dominican Republic,2014,0.442800318
Dominican Republic,2015,0.451816364
Dominican Republic,2016,0.457239171
Dominican Republic,2017,0.421956153
Dominican Republic,2018,0.436866621
Dominican Republic,2019,0.419185651
Dominican Republic,2020,0.396412327
East Timor,2001,0.359352922
East Timor,2007,0.27823316
East Timor,2014,0.286529264
Ecuador,1994,0.53368962
Ecuador,1999,0.586019931
Ecuador,2000,0.563785176
Ecuador,2003,0.535286921
Ecuador,2004,0.539319908
Ecuador,2005,0.530584801
Ecuador,2006,0.522514048
Ecuador,2007,0.533634508
Ecuador,2008,0.497934696
Ecuador,2009,0.485059901
Ecuador,2010,0.488044339
Ecuador,2011,0.458774819
Ecuador,2012,0.461219409
Ecuador,2013,0.468649031
Ecuador,2014,0.449950496
Ecuador,2015,0.459542949
Ecuador,2016,0.450200688
Ecuador,2017,0.446730295
Ecuador,2018,0.454402996
Ecuador,2019,0.457115331
Ecuador,2020,0.473112741
Ecuador - urban,1987,0.504919651
Ecuador - urban,1995,0.509650726
Ecuador - urban,1998,0.4965703
Egypt,1990,0.32003941
Egypt,1995,0.301269603
Egypt,1999,0.327615026
Egypt,2004,0.318475454
Egypt,2008,0.311024361
Egypt,2010,0.301914577
Egypt,2012,0.282922028
Egypt,2015,0.318233581
Egypt,2017,0.315339528
El Salvador,1991,0.53951898
El Salvador,1995,0.498797371
El Salvador,1996,0.509821756
El Salvador,1998,0.545157114
El Salvador,1999,0.52197689
El Salvador,2000,0.514743677
El Salvador,2001,0.513704391
El Salvador,2002,0.518704917
El Salvador,2003,0.504976926
El Salvador,2004,0.478196845
El Salvador,2005,0.484849325
El Salvador,2006,0.456925592
El Salvador,2007,0.452179942
El Salvador,2008,0.46885679
El Salvador,2009,0.458250861
El Salvador,2010,0.435141284
El Salvador,2011,0.4231836
El Salvador,2012,0.418292768
El Salvador,2013,0.43358963
El Salvador,2014,0.415598414
El Salvador,2015,0.405519418
El Salvador,2016,0.399785802
El Salvador,2017,0.380071879
El Salvador,2018,0.386105712
El Salvador,2019,0.387787639
Estonia,1993,0.395034482
Estonia,1995,0.300647959
Estonia,1998,0.376430764
Estonia,2000,0.357843981
Estonia,2001,0.360124548
Estonia,2002,0.357915744
Estonia,2003,0.349096243
Estonia,2004,0.353781887
Estonia,2005,0.334489426
Estonia,2006,0.336710717
Estonia,2007,0.311801582
Estonia,2008,0.319170781
Estonia,2009,0.314436122
Estonia,2010,0.320012011
Estonia,2011,0.324916332
Estonia,2012,0.329157605
Estonia,2013,0.350797851
Estonia,2014,0.345915563
Estonia,2015,0.326703299
Estonia,2016,0.311968259
Estonia,2017,0.303550262
Estonia,2018,0.303214513
Estonia,2019,0.307675428
Eswatini,1994,0.604547258
Eswatini,2000,0.531135202
Eswatini,2009,0.514526044
Eswatini,2016,0.545797937
Ethiopia,1995,0.445645132
Ethiopia,1999,0.299757967
Ethiopia,2004,0.29806853
Ethiopia,2010,0.331706008
Ethiopia,2015,0.349931232
Ethiopia - rural,1981,0.324249563
Fiji,2002,0.381020545
Fiji,2008,0.403755861
Fiji,2013,0.366965967
Fiji,2019,0.307068674
Finland,1987,0.221713987
Finland,1991,0.228797617
Finland,1995,0.23459137
Finland,2000,0.271566266
Finland,2003,0.276866041
Finland,2004,0.278977659
Finland,2005,0.276195937
Finland,2006,0.279990754
Finland,2007,0.282855715
Finland,2008,0.278382083
Finland,2009,0.274554457
Finland,2010,0.27714088
Finland,2011,0.276428194
Finland,2012,0.270966304
Finland,2013,0.271939589
Finland,2014,0.26776976
Finland,2015,0.271020423
Finland,2016,0.270784844
Finland,2017,0.273830854
Finland,2018,0.273297728
Finland,2019,0.277373299
France,1978,0.351675048
France,1984,0.368579815
France,1989,0.321712496
France,1994,0.323305249
France,2000,0.310860624
France,2003,0.314111173
France,2004,0.306473396
France,2005,0.29834014
France,2006,0.296910916
France,2007,0.324277274
France,2008,0.329964768
France,2009,0.326612694
France,2010,0.337204815
France,2011,0.332947505
France,2012,0.331148587
France,2013,0.325126351
France,2014,0.32262184
France,2015,0.327043351
France,2016,0.319237441
France,2017,0.316320654
France,2018,0.323806885
Gabon,2005,0.421849864
Gabon,2017,0.380243723
Gambia,1998,0.485194646
Gambia,2003,0.473316241
Gambia,2010,0.435684335
Gambia,2015,0.35918831
Georgia,1996,0.371327073
Georgia,1997,0.40696073
Georgia,1998,0.412500082
Georgia,1999,0.401497665
Georgia,2000,0.404781133
Georgia,2001,0.395741324
Georgia,2002,0.372493777
Georgia,2003,0.366550826
Georgia,2004,0.361753568
Georgia,2005,0.37379339
Georgia,2006,0.368686238
Georgia,2007,0.381130823
Georgia,2008,0.385348533
Georgia,2009,0.382374032
Georgia,2010,0.394614637
Georgia,2011,0.395957157
Georgia,2012,0.38954768
Georgia,2013,0.385890191
Georgia,2014,0.375541344
Georgia,2015,0.365036756
Georgia,2016,0.366396489
Georgia,2017,0.379397331
Georgia,2018,0.364113631
Georgia,2019,0.359007652
Georgia,2020,0.344651871
Germany,1991,0.294398475
Germany,1992,0.291688769
Germany,1993,0.28675587
Germany,1994,0.292444552
Germany,1995,0.289876628
Germany,1996,0.283749419
Germany,1997,0.283144724
Germany,1998,0.282861958
Germany,1999,0.291181605
Germany,2000,0.289400222
Germany,2001,0.300966951
Germany,2002,0.299411363
Germany,2003,0.300628368
Germany,2004,0.302880037
Germany,2005,0.318065533
Germany,2006,0.311941216
Germany,2007,0.313695959
Germany,2008,0.309044437
Germany,2009,0.304794277
Germany,2010,0.30319774
Germany,2011,0.30847554
Germany,2012,0.310557889
Germany,2013,0.314524666
Germany,2014,0.308718557
Germany,2015,0.315833424
Germany,2016,0.315743259
Germany,2017,0.312019051
Germany,2018,0.316984109
Ghana,1987,0.353495778
Ghana,1988,0.359935409
Ghana,1991,0.384372308
Ghana,1998,0.400726244
Ghana,2005,0.427655359
Ghana,2012,0.423732053
Ghana,2016,0.43520879
Greece,1995,0.369755724
Greece,2000,0.342391949
Greece,2003,0.32762338
Greece,2004,0.3359099
Greece,2005,0.345982328
Greece,2006,0.351238048
Greece,2007,0.339535755
Greece,2008,0.335893624
Greece,2009,0.336190574
Greece,2010,0.341033282
Greece,2011,0.34849412
Greece,2012,0.362510008
Greece,2013,0.361273606
Greece,2014,0.358095055
Greece,2015,0.360002595
Greece,2016,0.349586399
Greece,2017,0.343520211
Greece,2018,0.328912053
Greece,2019,0.331044562
Guatemala,1986,0.582569038
Guatemala,1989,0.59598774
Guatemala,2000,0.54176521
Guatemala,2006,0.545707214
Guatemala,2014,0.482785895
Guinea,1991,0.468430484
Guinea,1994,0.460816095
Guinea,2002,0.430041636
Guinea,2007,0.393553469
Guinea,2012,0.337297046
Guinea,2018,0.29591953
Guinea-Bissau,1993,0.436102263
Guinea-Bissau,2002,0.355697459
Guinea-Bissau,2010,0.506642399
Guinea-Bissau,2018,0.347652304
Guyana,1998,0.451181417
Haiti,2001,0.594766184
Haiti,2012,0.411037737
Honduras,1989,0.594901486
Honduras,1990,0.573567273
Honduras,1991,0.518506698
Honduras,1992,0.518284552
Honduras,1993,0.53467448
Honduras,1994,0.550101702
Honduras,1995,0.554854765
Honduras,1996,0.557215636
Honduras,1997,0.527339999
Honduras,1998,0.574254285
Honduras,1999,0.553513401
Honduras,2001,0.553607194
Honduras,2002,0.55730958
Honduras,2003,0.581212507
Honduras,2004,0.581339135
Honduras,2005,0.595115911
Honduras,2006,0.575427779
Honduras,2007,0.558203073
Honduras,2008,0.55499907
Honduras,2009,0.512833228
Honduras,2010,0.530870659
Honduras,2011,0.525597856
Honduras,2012,0.533707098
Honduras,2013,0.499597518
Honduras,2014,0.498785863
Honduras,2015,0.49249893
Honduras,2016,0.498118602
Honduras,2017,0.494455265
Honduras,2018,0.489377845
Honduras,2019,0.481681674
Honduras - urban,1986,0.550930297
Hungary,1987,0.209600307
Hungary,1989,0.250477788
Hungary,1991,0.296339535
Hungary,1993,0.279409738
Hungary,1994,0.332893951
Hungary,1998,0.263819211
Hungary,1999,0.27635403
Hungary,2000,0.272205813
Hungary,2001,0.269244844
Hungary,2002,0.268378903
Hungary,2003,0.309257555
Hungary,2004,0.300224274
Hungary,2005,0.301910202
Hungary,2006,0.289589177
Hungary,2007,0.311550914
Hungary,2008,0.275140432
Hungary,2009,0.269596398
Hungary,2010,0.294442259
Hungary,2011,0.291583423
Hungary,2012,0.308041866
Hungary,2013,0.315041022
Hungary,2014,0.309176611
Hungary,2015,0.304082302
Hungary,2016,0.303276185
Hungary,2017,0.305841235
Hungary,2018,0.296120444
Hungary,2019,0.299504728
Iceland,2003,0.26836037
Iceland,2004,0.279821402
Iceland,2005,0.290024469
Iceland,2006,0.302451505
Iceland,2007,0.294709597
Iceland,2008,0.317892785
Iceland,2009,0.2865641
Iceland,2010,0.261716196
Iceland,2011,0.268307995
Iceland,2012,0.267694247
Iceland,2013,0.254029149
Iceland,2014,0.278004157
Iceland,2015,0.267879714
Iceland,2016,0.272411053
Iceland,2017,0.261315802
India,1977,0.333366472
India,1983,0.321009937
India,1987,0.325741643
India,1993,0.316961836
India,2004,0.344063046
India,2009,0.353803358
India,2011,0.357125753
India,2015,0.347064363
India,2016,0.347732336
India,2017,0.359430473
India,2018,0.345896863
India,2019,0.357338571
India - rural,1977,0.341956561
India - rural,1983,0.300593398
India - rural,1987,0.301336893
India - rural,1993,0.285865678
India - rural,2004,0.304535764
India - rural,2009,0.299503037
India - rural,2011,0.311275224
India - rural,2015,0.312638052
India - rural,2016,0.310115298
India - rural,2017,0.312733027
India - rural,2018,0.310533577
India - rural,2019,0.308629546
India - urban,1977,0.357415496
India - urban,1983,0.333268747
India - urban,1987,0.35569307
India - urban,1993,0.343852311
India - urban,2004,0.376351735
India - urban,2009,0.393479737
India - urban,2011,0.39014429
India - urban,2015,0.378798629
India - urban,2016,0.38292568
India - urban,2017,0.395788816
India - urban,2018,0.362158274
India - urban,2019,0.393655915
Indonesia,1984,0.334559806
Indonesia,1987,0.314037701
Indonesia,1990,0.322712574
Indonesia,1993,0.331627988
Indonesia,1996,0.356251368
Indonesia,1998,0.321814319
Indonesia,1999,0.32078047
Indonesia,2000,0.29458434
Indonesia,2001,0.300239283
Indonesia,2002,0.328337979
Indonesia,2003,0.330267025
Indonesia,2004,0.338532798
Indonesia,2005,0.340578444
Indonesia,2006,0.353005561
Indonesia,2007,0.366646878
Indonesia,2008,0.360602546
Indonesia,2009,0.359931722
Indonesia,2010,0.372053374
Indonesia,2011,0.404581494
Indonesia,2012,0.40459641
Indonesia,2013,0.407911805
Indonesia,2014,0.40175667
Indonesia,2015,0.40397369
Indonesia,2016,0.393002781
Indonesia,2017,0.38785263
Indonesia,2018,0.384103773
Indonesia,2019,0.376101221
Indonesia,2020,0.376054854
Indonesia,2021,0.379156501
Indonesia - rural,1984,0.29214717
Indonesia - rural,1987,0.277293256
Indonesia - rural,1990,0.26455078
Indonesia - rural,1993,0.26001828
Indonesia - rural,1996,0.275872084
Indonesia - rural,1998,0.256841505
Indonesia - rural,1999,0.247565357
Indonesia - rural,2000,0.241015255
Indonesia - rural,2001,0.239026339
Indonesia - rural,2002,0.255338199
Indonesia - rural,2003,0.253587074
Indonesia - rural,2004,0.265311108
Indonesia - rural,2005,0.279028489
Indonesia - rural,2006,0.289171738
Indonesia - rural,2007,0.301149382
Indonesia - rural,2008,0.29982853
Indonesia - rural,2009,0.29499848
Indonesia - rural,2010,0.315333077
Indonesia - rural,2011,0.340964716
Indonesia - rural,2012,0.329824014
Indonesia - rural,2013,0.320498625
Indonesia - rural,2014,0.319144118
Indonesia - rural,2015,0.334184539
Indonesia - rural,2016,0.326553234
Indonesia - rural,2017,0.320454456
Indonesia - rural,2018,0.324441879
Indonesia - rural,2019,0.316865426
Indonesia - rural,2020,0.316691122
Indonesia - rural,2021,0.315338915
Indonesia - urban,1984,0.332934493
Indonesia - urban,1987,0.32775648
Indonesia - urban,1990,0.346628776
Indonesia - urban,1993,0.353532396
Indonesia - urban,1996,0.375496142
Indonesia - urban,1998,0.33776076
Indonesia - urban,1999,0.353750317
Indonesia - urban,2000,0.316502561
Indonesia - urban,2001,0.31758693
Indonesia - urban,2002,0.33938208
Indonesia - urban,2003,0.340120607
Indonesia - urban,2004,0.343056683
Indonesia - urban,2005,0.341898054
Indonesia - urban,2006,0.35517497
Indonesia - urban,2007,0.370758854
Indonesia - urban,2008,0.367170391
Indonesia - urban,2009,0.372020314
Indonesia - urban,2010,0.382047675
Indonesia - urban,2011,0.422169451
Indonesia - urban,2012,0.424808544
Indonesia - urban,2013,0.431065351
Indonesia - urban,2014,0.427652618
Indonesia - urban,2015,0.427530637
Indonesia - urban,2016,0.410315153
Indonesia - urban,2017,0.406861311
Indonesia - urban,2018,0.400540195
Indonesia - urban,2019,0.392156686
Indonesia - urban,2020,0.392571906
Indonesia - urban,2021,0.400630642
Iran,1986,0.474196415
Iran,1990,0.436047776
Iran,1994,0.429983695
Iran,1998,0.440956434
Iran,2005,0.435586412
Iran,2006,0.447520372
Iran,2009,0.420500246
Iran,2013,0.373595078
Iran,2014,0.387832928
Iran,2015,0.394710043
Iran,2016,0.399651967
Iran,2017,0.408029421
Iran,2018,0.42003302
Iran,2019,0.409359684
Iraq,2006,0.286006124
Iraq,2012,0.29541857
Ireland,1987,0.354662027
Ireland,1994,0.369142046
Ireland,1995,0.370450923
Ireland,1996,0.356221354
Ireland,2000,0.330052052
Ireland,2002,0.322902564
Ireland,2003,0.328876228
Ireland,2004,0.336096378
Ireland,2005,0.337540111
Ireland,2006,0.327279551
Ireland,2007,0.319467716
Ireland,2008,0.309062183
Ireland,2009,0.326825484
Ireland,2010,0.322970953
Ireland,2011,0.328746936
Ireland,2012,0.332207517
Ireland,2013,0.334891901
Ireland,2014,0.318764525
Ireland,2015,0.318215398
Ireland,2016,0.328075984
Ireland,2017,0.313598037
Ireland,2018,0.306029268
Israel,1979,0.363299758
Israel,1986,0.364905399
Israel,1992,0.355072544
Israel,1997,0.38097106
Israel,2001,0.389476621
Israel,2002,0.395594227
Israel,2003,0.40722571
Israel,2004,0.414563007
Israel,2005,0.422676225
Israel,2006,0.415553224
Israel,2007,0.410986336
Israel,2008,0.416426794
Israel,2009,0.426339505
Israel,2010,0.425270246
Israel,2011,0.414441639
Israel,2012,0.416095964
Israel,2013,0.402248247
Israel,2014,0.397574889
Israel,2015,0.397195299
Israel,2016,0.390130153
Israel,2017,0.382020644
Israel,2018,0.385771738
Italy,1986,0.325164082
Italy,1987,0.345469739
Italy,1989,0.325733158
Italy,1991,0.314683259
Italy,1993,0.355378879
Italy,1995,0.352380637
Italy,1998,0.366607869
Italy,2000,0.352528098
Italy,2003,0.349313086
Italy,2004,0.342951163
Italy,2005,0.338336056
Italy,2006,0.33697396
Italy,2007,0.328907356
Italy,2008,0.337701023
Italy,2009,0.338357704
Italy,2010,0.347213083
Italy,2011,0.350572145
Italy,2012,0.351556106
Italy,2013,0.349118492
Italy,2014,0.346573283
Italy,2015,0.353974365
Italy,2016,0.352462496
Italy,2017,0.359280009
Italy,2018,0.352225706
Jamaica,1988,0.43155025
Jamaica,1990,0.411137354
Jamaica,1993,0.356734217
Jamaica,1996,0.403949023
Jamaica,1999,0.440801987
Jamaica,2002,0.483159626
Jamaica,2004,0.454574744
Japan,2008,0.348423151
Japan,2010,0.321003204
Japan,2013,0.328547286
Jordan,1986,0.360614298
Jordan,1992,0.433626242
Jordan,1997,0.364205558
Jordan,2002,0.369546163
Jordan,2006,0.338562536
Jordan,2008,0.325734503
Jordan,2010,0.336557303
Kazakhstan,1993,0.326657348
Kazakhstan,1996,0.353783081
Kazakhstan,2001,0.359647586
Kazakhstan,2002,0.3481114
Kazakhstan,2003,0.336914788
Kazakhstan,2004,0.318387585
Kazakhstan,2005,0.3982604
Kazakhstan,2006,0.302438652
Kazakhstan,2007,0.300840563
Kazakhstan,2008,0.284964438
Kazakhstan,2009,0.282088668
Kazakhstan,2010,0.279545118
Kazakhstan,2011,0.279838438
Kazakhstan,2012,0.281688218
Kazakhstan,2013,0.27065428
Kazakhstan,2014,0.270158598
Kazakhstan,2015,0.268036674
Kazakhstan,2016,0.272253251
Kazakhstan,2017,0.274502759
Kazakhstan,2018,0.277928746
Kenya,1992,0.574609623
Kenya,1994,0.431085715
Kenya,1997,0.449830766
Kenya,2005,0.464529249
Kenya,2015,0.407757725
Kiribati,2006,0.369730015
Kiribati,2019,0.27832703
Kosovo,2003,0.28953855
Kosovo,2005,0.312382299
Kosovo,2006,0.303216335
Kosovo,2009,0.317817157
Kosovo,2010,0.332543002
Kosovo,2011,0.278317484
Kosovo,2012,0.28972269
Kosovo,2013,0.263065917
Kosovo,2014,0.272701724
Kosovo,2015,0.264541532
Kosovo,2016,0.267211452
Kosovo,2017,0.290129438
Kyrgyzstan,1998,0.463719825
Kyrgyzstan,2000,0.310350127
Kyrgyzstan,2001,0.301639798
Kyrgyzstan,2002,0.303023869
Kyrgyzstan,2003,0.287086471
Kyrgyzstan,2004,0.347734293
Kyrgyzstan,2005,0.325614308
Kyrgyzstan,2006,0.373812404
Kyrgyzstan,2007,0.339118217
Kyrgyzstan,2008,0.314506847
Kyrgyzstan,2009,0.29874916
Kyrgyzstan,2010,0.301339151
Kyrgyzstan,2011,0.278398638
Kyrgyzstan,2012,0.273572741
Kyrgyzstan,2013,0.288154837
Kyrgyzstan,2014,0.268190038
Kyrgyzstan,2015,0.289979154
Kyrgyzstan,2016,0.267807679
Kyrgyzstan,2017,0.273350091
Kyrgyzstan,2018,0.276903271
Kyrgyzstan,2019,0.297012232
Kyrgyzstan,2020,0.289892735
Laos,1992,0.343097752
Laos,1997,0.3489544
Laos,2002,0.326201086
Laos,2007,0.353610349
Laos,2012,0.359635482
Laos,2018,0.388024338
Latvia,1993,0.269931311
Latvia,1995,0.30977489
Latvia,1996,0.316418652
Latvia,1997,0.343925918
Latvia,1998,0.33264853
Latvia,2002,0.350912337
Latvia,2003,0.365286016
Latvia,2004,0.349571283
Latvia,2005,0.389814837
Latvia,2006,0.356027663
Latvia,2007,0.360469299
Latvia,2008,0.358178987
Latvia,2009,0.348317406
Latvia,2010,0.350344102
Latvia,2011,0.357743693
Latvia,2012,0.352376885
Latvia,2013,0.355005706
Latvia,2014,0.35115233
Latvia,2015,0.342044352
Latvia,2016,0.343296299
Latvia,2017,0.355719346
Latvia,2018,0.350961514
Latvia,2019,0.344895389
Lebanon,2011,0.318324497
Lesotho,1986,0.560160591
Lesotho,1994,0.632403651
Lesotho,2002,0.515749236
Lesotho,2017,0.448797014
Liberia,2007,0.36477745
Liberia,2014,0.332378843
Liberia,2016,0.352654612
Lithuania,1993,0.336411363
Lithuania,1996,0.322603226
Lithuania,1998,0.32103118
Lithuania,1999,0.32015238
Lithuania,2000,0.316749339
Lithuania,2001,0.320122746
Lithuania,2002,0.319155676
Lithuania,2003,0.354564869
Lithuania,2004,0.352040158
Lithuania,2005,0.353022075
Lithuania,2006,0.344189871
Lithuania,2007,0.347971889
Lithuania,2008,0.370556567
Lithuania,2009,0.372259874
Lithuania,2010,0.336193059
Lithuania,2011,0.324910525
Lithuania,2012,0.350986815
Lithuania,2013,0.353111465
Lithuania,2014,0.37681442
Lithuania,2015,0.373752238
Lithuania,2016,0.38391206
Lithuania,2017,0.372896992
Lithuania,2018,0.357078077
Lithuania,2019,0.352531515
Luxembourg,1985,0.266672476
Luxembourg,1991,0.267893972
Luxembourg,1994,0.269444385
Luxembourg,1997,0.3015988
Luxembourg,2000,0.304473022
Luxembourg,2003,0.301874724
Luxembourg,2004,0.301726978
Luxembourg,2005,0.308408079
Luxembourg,2006,0.309481202
Luxembourg,2007,0.311337503
Luxembourg,2008,0.325615448
Luxembourg,2009,0.31196918
Luxembourg,2010,0.305043781
Luxembourg,2011,0.320541196
Luxembourg,2012,0.343471485
Luxembourg,2013,0.320360461
Luxembourg,2014,0.311583177
Luxembourg,2015,0.329222329
Luxembourg,2016,0.317279828
Luxembourg,2017,0.345157399
Luxembourg,2018,0.353680944
Luxembourg,2019,0.34241262
Madagascar,1980,0.468488505
Madagascar,1993,0.452556975
Madagascar,1997,0.39468355
Madagascar,1999,0.386074804
Madagascar,2001,0.4743543
Madagascar,2005,0.399371791
Madagascar,2010,0.424174876
Madagascar,2012,0.426481823
Malawi,1997,0.657555708
Malawi,2004,0.398734604
Malawi,2010,0.454759711
Malawi,2016,0.446943078
Malawi,2019,0.38543175
Malaysia,1984,0.486248149
Malaysia,1987,0.470418365
Malaysia,1989,0.461685036
Malaysia,1992,0.476537258
Malaysia,1995,0.485226716
Malaysia,1997,0.491496623
Malaysia,2003,0.464162024
Malaysia,2006,0.447523495
Malaysia,2008,0.454797122
Malaysia,2011,0.439435968
Malaysia,2013,0.413488267
Malaysia,2015,0.410663984
Maldives,2002,0.413120268
Maldives,2009,0.383727638
Maldives,2016,0.312856471
Maldives,2019,0.292850913
Mali,1994,0.504412367
Mali,2001,0.398672826
Mali,2006,0.38929962
Mali,2009,0.330379558
Mali,2018,0.361369201
Malta,2006,0.280199761
Malta,2007,0.292077396
Malta,2008,0.289955066
Malta,2009,0.30244797
Malta,2010,0.290258668
Malta,2011,0.291425912
Malta,2012,0.293604486
Malta,2013,0.288436638
Malta,2014,0.290203465
Malta,2015,0.294337734
Malta,2016,0.290891145
Malta,2017,0.292322386
Malta,2018,0.286650862
Malta,2019,0.310420821
Marshall Islands,2019,0.354829429
Mauritania,1987,0.439390147
Mauritania,1993,0.500515565
Mauritania,1995,0.377473629
Mauritania,2000,0.390284736
Mauritania,2004,0.401687704
Mauritania,2008,0.356853782
Mauritania,2014,0.326193499
Mauritius,2006,0.356534221
Mauritius,2012,0.384653985
Mauritius,2017,0.367612059
Mexico,1984,0.485270124
Mexico,1989,0.506316674
Mexico,1992,0.526118157
Mexico,1994,0.528089233
Mexico,1996,0.535502787
Mexico,1998,0.516783813
Mexico,2000,0.525839657
Mexico,2002,0.500886546
Mexico,2004,0.500300763
Mexico,2005,0.501203587
Mexico,2006,0.489360528
Mexico,2008,0.498838477
Mexico,2010,0.472139094
Mexico,2012,0.48713466
Mexico,2014,0.48722439
Mexico,2016,0.476777128
Mexico,2018,0.467069553
Mexico,2020,0.453987296
Micronesia (country),2005,0.423557983
Micronesia (country),2013,0.400576313
Micronesia (country) - urban,2000,0.632619692
Moldova,1997,0.369421464
Moldova,1998,0.395185501
Moldova,1999,0.426242066
Moldova,2000,0.364256907
Moldova,2001,0.379891935
Moldova,2002,0.358459072
Moldova,2003,0.349020853
Moldova,2004,0.350295666
Moldova,2005,0.362808379
Moldova,2006,0.354009266
Moldova,2007,0.344210409
Moldova,2008,0.346924431
Moldova,2009,0.32910908
Moldova,2010,0.320509202
Moldova,2011,0.306285757
Moldova,2012,0.291588393
Moldova,2013,0.285341589
Moldova,2014,0.268338526
Moldova,2015,0.270281581
Moldova,2016,0.263453868
Moldova,2017,0.258992448
Moldova,2018,0.256616481
Moldova,2019,0.260166467
Mongolia,1995,0.331953402
Mongolia,1998,0.302719629
Mongolia,2002,0.328929481
Mongolia,2007,0.358218714
Mongolia,2010,0.330812121
Mongolia,2011,0.338835075
Mongolia,2012,0.337516151
Mongolia,2014,0.320377899
Mongolia,2016,0.323457328
Mongolia,2018,0.327409904
Montenegro,2005,0.302172764
Montenegro,2006,0.300353596
Montenegro,2007,0.314480677
Montenegro,2008,0.304879936
Montenegro,2009,0.310085163
Montenegro,2010,0.288930967
Montenegro,2011,0.308198538
Montenegro,2012,0.32273736
Montenegro,2013,0.324429363
Montenegro,2014,0.31926522
Montenegro,2015,0.390050334
Montenegro,2016,0.384879461
Montenegro,2017,0.369068238
Montenegro,2018,0.368119267
Morocco,1984,0.391866366
Morocco,1990,0.392069034
Morocco,1998,0.393539138
Morocco,2000,0.406370084
Morocco,2006,0.407183025
Morocco,2013,0.395485087
Mozambique,1996,0.535598649
Mozambique,2002,0.470390696
Mozambique,2008,0.455783371
Mozambique,2014,0.539966816
Myanmar,2015,0.380685092
Myanmar,2017,0.306968695
Namibia,2003,0.633187598
Namibia,2009,0.609651755
Namibia,2015,0.590666144
Nauru,2012,0.347661815
Nepal,1984,0.300575408
Nepal,1995,0.352070175
Nepal,2003,0.437681043
Nepal,2010,0.328405862
Netherlands,1983,0.283660518
Netherlands,1987,0.26771622
Netherlands,1990,0.31090073
Netherlands,1993,0.304349816
Netherlands,1999,0.280633961
Netherlands,2004,0.298000261
Netherlands,2005,0.290482303
Netherlands,2006,0.300433266
Netherlands,2007,0.295927782
Netherlands,2008,0.292980122
Netherlands,2009,0.278819972
Netherlands,2010,0.278452473
Netherlands,2011,0.277500869
Netherlands,2012,0.276209308
Netherlands,2013,0.281064794
Netherlands,2014,0.286314187
Netherlands,2015,0.282415795
Netherlands,2016,0.281735698
Netherlands,2017,0.285358194
Netherlands,2018,0.281210804
Netherlands,2019,0.292483328
Nicaragua,1993,0.490617498
Nicaragua,1998,0.449973091
Nicaragua,2001,0.429982022
Nicaragua,2005,0.405319877
Nicaragua,2009,0.43942161
Nicaragua,2014,0.461562942
Niger,1992,0.36097543
Niger,1994,0.415259648
Niger,2005,0.444254442
Niger,2007,0.373044542
Niger,2011,0.314517146
Niger,2014,0.34276576
Niger,2018,0.372810449
Nigeria,1985,0.386778506
Nigeria,1992,0.449840537
Nigeria,1996,0.519222464
Nigeria,2003,0.400635793
Nigeria,2010,0.356502097
Nigeria,2012,0.355130072
Nigeria,2015,0.358797787
Nigeria,2018,0.351277428
North Macedonia,1998,0.281285783
North Macedonia,2000,0.342638721
North Macedonia,2002,0.385090683
North Macedonia,2003,0.387223932
North Macedonia,2004,0.384325517
North Macedonia,2005,0.393052501
North Macedonia,2006,0.426425032
North Macedonia,2008,0.461416256
North Macedonia,2009,0.427644552
North Macedonia,2010,0.40160622
North Macedonia,2011,0.393741066
North Macedonia,2012,0.381365174
North Macedonia,2013,0.362429362
North Macedonia,2014,0.352054345
North Macedonia,2015,0.355946591
North Macedonia,2016,0.345346906
North Macedonia,2017,0.342002031
North Macedonia,2018,0.329607025
Norway,1979,0.268947587
Norway,1986,0.24630483
Norway,1991,0.252275847
Norway,1995,0.260205324
Norway,2000,0.273587853
Norway,2003,0.276272937
Norway,2004,0.315790769
Norway,2005,0.305975573
Norway,2006,0.263541735
Norway,2007,0.270908142
Norway,2008,0.269965325
Norway,2009,0.261583686
Norway,2010,0.257239667
Norway,2011,0.253003652
Norway,2012,0.257262609
Norway,2013,0.263612033
Norway,2014,0.267526268
Norway,2015,0.274968957
Norway,2016,0.284937455
Norway,2017,0.269873302
Norway,2018,0.275608623
Norway,2019,0.277422833
Pakistan,1987,0.333168973
Pakistan,1990,0.332486609
Pakistan,1996,0.286649887
Pakistan,1998,0.331232927
Pakistan,2001,0.28653021
Pakistan,2004,0.308861069
Pakistan,2005,0.312612538
Pakistan,2007,0.296695024
Pakistan,2010,0.287808638
Pakistan,2011,0.29697957
Pakistan,2013,0.295285731
Pakistan,2015,0.312912658
Pakistan,2018,0.295892656
Palestine,2004,0.340446605
Palestine,2005,0.347426243
Palestine,2006,0.339592828
Palestine,2007,0.356060773
Palestine,2009,0.344639746
Palestine,2010,0.352944325
Palestine,2011,0.344152375
Palestine,2016,0.336900405
Panama,1979,0.487401423
Panama,1989,0.589077098
Panama,1991,0.582196174
Panama,1995,0.578112249
Panama,1997,0.582317286
Panama,1998,0.574808364
Panama,1999,0.564557769
Panama,2000,0.566390158
Panama,2001,0.567452804
Panama,2002,0.561019756
Panama,2003,0.556627882
Panama,2004,0.547801252
Panama,2005,0.538114703
Panama,2006,0.546454024
Panama,2007,0.526892591
Panama,2008,0.526933836
Panama,2009,0.517711725
Panama,2010,0.516097618
Panama,2011,0.513483149
Panama,2012,0.517399561
Panama,2013,0.51457195
Panama,2014,0.504668693
Panama,2015,0.508066631
Panama,2016,0.504077338
Panama,2017,0.498885026
Panama,2018,0.492124734
Panama,2019,0.49838336
Papua New Guinea,1996,0.457713526
Papua New Guinea,2009,0.418507883
Paraguay,1990,0.408393434
Paraguay,1995,0.581590394
Paraguay,1997,0.548924318
Paraguay,1999,0.545774652
Paraguay,2001,0.54629301
Paraguay,2002,0.572762901
Paraguay,2003,0.549383523
Paraguay,2004,0.522628136
Paraguay,2005,0.513817921
Paraguay,2006,0.529954886
Paraguay,2007,0.530412063
Paraguay,2008,0.507047521
Paraguay,2009,0.491457622
Paraguay,2010,0.509824377
Paraguay,2011,0.523099316
Paraguay,2012,0.47633563
Paraguay,2013,0.479360312
Paraguay,2014,0.50702645
Paraguay,2015,0.476059093
Paraguay,2016,0.478997177
Paraguay,2017,0.485474929
Paraguay,2018,0.459551019
Paraguay,2019,0.456506375
Paraguay,2020,0.43481944
Peru,1985,0.456349824
Peru,1994,0.440239887
Peru,1997,0.532593639
Peru,1998,0.551215183
Peru,1999,0.548288923
Peru,2000,0.490733633
Peru,2001,0.513063335
Peru,2002,0.535659229
Peru,2003,0.530813275
Peru,2004,0.498808504
Peru,2005,0.504513566
Peru,2006,0.503328575
Peru,2007,0.500220408
Peru,2008,0.474873379
Peru,2009,0.470065807
Peru,2010,0.455379256
Peru,2011,0.446601519
Peru,2012,0.444404087
Peru,2013,0.438828966
Peru,2014,0.431392253
Peru,2015,0.433564001
Peru,2016,0.436392562
Peru,2017,0.4329279
Peru,2018,0.423876479
Peru,2019,0.415627846
Peru,2020,0.43794137
Philippines,1985,0.410374355
Philippines,1988,0.407462674
Philippines,1991,0.438235514
Philippines,1994,0.428883875
Philippines,1997,0.459622075
Philippines,2000,0.427994724
Philippines,2003,0.414946578
Philippines,2006,0.428588396
Philippines,2009,0.417603385
Philippines,2012,0.422243295
Philippines,2015,0.403514992
Philippines,2018,0.378117062
Poland,1985,0.251649662
Poland,1986,0.27984542
Poland,1987,0.255251278
Poland,1989,0.268924724
Poland,1992,0.292985629
Poland,1993,0.266988985
Poland,1995,0.346447211
Poland,1996,0.326554205
Poland,1998,0.323187391
Poland,1999,0.325903704
Poland,2000,0.329655369
Poland,2001,0.328490263
Poland,2002,0.340502059
Poland,2003,0.349113337
Poland,2004,0.354260608
Poland,2005,0.344925793
Poland,2006,0.337091161
Poland,2007,0.335089389
Poland,2008,0.33717042
Poland,2009,0.33578089
Poland,2010,0.332188336
Poland,2011,0.327763434
Poland,2012,0.323912772
Poland,2013,0.325495204
Poland,2014,0.320801538
Poland,2015,0.318235289
Poland,2016,0.307963476
Poland,2017,0.302965813
Poland,2018,0.311410486
Poland,2019,0.302394724
Portugal,2003,0.387753517
Portugal,2004,0.389388362
Portugal,2005,0.384800724
Portugal,2006,0.380607799
Portugal,2007,0.367501832
Portugal,2008,0.36634151
Portugal,2009,0.349074152
Portugal,2010,0.358446705
Portugal,2011,0.363446774
Portugal,2012,0.360347924
Portugal,2013,0.361871044
Portugal,2014,0.355621728
Portugal,2015,0.355233023
Portugal,2016,0.351905183
Portugal,2017,0.338038412
Portugal,2018,0.334925626
Portugal,2019,0.327627472
Romania,1989,0.233073034
Romania,1992,0.254617279
Romania,1994,0.282005825
Romania,1995,0.311580259
Romania,1997,0.305044268
Romania,1998,0.310832401
Romania,1999,0.294176679
Romania,2000,0.293238638
Romania,2001,0.294290588
Romania,2002,0.302299389
Romania,2003,0.299112872
Romania,2004,0.300393721
Romania,2005,0.298193913
Romania,2006,0.304642964
Romania,2007,0.302072898
Romania,2008,0.295838115
Romania,2009,0.281893464
Romania,2010,0.281582378
Romania,2011,0.272115199
Romania,2012,0.273342376
Romania,2013,0.274506993
Romania,2014,0.360115397
Romania,2015,0.359138906
Romania,2016,0.283457048
Romania,2017,0.360168279
Romania,2018,0.287828663
Romania,2019,0.348042001
Russia,1993,0.483757379
Russia,1996,0.461034633
Russia,1997,0.384092334
Russia,1998,0.381370395
Russia,1999,0.37443444
Russia,2000,0.370928293
Russia,2001,0.369251149
Russia,2002,0.372838298
Russia,2003,0.399715701
Russia,2004,0.403158422
Russia,2005,0.412656056
Russia,2006,0.409509505
Russia,2007,0.42272473
Russia,2008,0.415685851
Russia,2009,0.398456009
Russia,2010,0.395489776
Russia,2011,0.397493144
Russia,2012,0.407148269
Russia,2013,0.408844243
Russia,2014,0.398812219
Russia,2015,0.377408416
Russia,2016,0.368484993
Russia,2017,0.37239071
Russia,2018,0.374730062
Russia,2019,0.376914373
Russia,2020,0.360298092
Rwanda,2000,0.485472726
Rwanda,2005,0.520394142
Rwanda,2010,0.472224139
Rwanda,2013,0.451128319
Rwanda,2016,0.437100478
Rwanda - rural,1984,0.288985949
Saint Lucia,1995,0.425843806
Saint Lucia,2016,0.512333078
Samoa,2002,0.407355197
Samoa,2008,0.420465486
Samoa,2013,0.387318098
Sao Tome and Principe,2000,0.321258935
Sao Tome and Principe,2010,0.30821269
Sao Tome and Principe,2017,0.40749592
Senegal,1991,0.541373585
Senegal,1994,0.41440712
Senegal,2001,0.412294356
Senegal,2005,0.392222819
Senegal,2011,0.402852251
Senegal,2018,0.381224724
Serbia,2002,0.327437534
Serbia,2003,0.32828977
Serbia,2004,0.354736496
Serbia,2005,0.364604233
Serbia,2006,0.29729479
Serbia,2007,0.287066993
Serbia,2008,0.275614211
Serbia,2009,0.279741493
Serbia,2010,0.290166053
Serbia,2012,0.399246587
Serbia,2013,0.290171138
Serbia,2014,0.40494145
Serbia,2015,0.285157361
Serbia,2016,0.388324969
Serbia,2017,0.361518969
Serbia,2018,0.303510575
Serbia,2019,0.289532461
Seychelles,1999,0.42776691
Seychelles,2006,0.427676166
Seychelles,2013,0.468227879
Seychelles,2018,0.321253197
Sierra Leone,2003,0.40167732
Sierra Leone,2011,0.340302393
Sierra Leone,2018,0.356901776
Slovakia,1992,0.201865781
Slovakia,1996,0.262776853
Slovakia,2004,0.289373885
Slovakia,2005,0.29834425
Slovakia,2006,0.277095102
Slovakia,2007,0.280048336
Slovakia,2008,0.268743958
Slovakia,2009,0.260160967
Slovakia,2010,0.273157199
Slovakia,2011,0.265383783
Slovakia,2012,0.261162957
Slovakia,2013,0.280862088
Slovakia,2014,0.26106635
Slovakia,2015,0.264916569
Slovakia,2016,0.251677467
Slovakia,2017,0.23237751
Slovakia,2018,0.249701475
Slovakia,2019,0.232323245
Slovenia,1987,0.235983699
Slovenia,1993,0.291849925
Slovenia,1997,0.241215008
Slovenia,1998,0.284066834
Slovenia,1999,0.240428866
Slovenia,2002,0.291216106
Slovenia,2003,0.308660228
Slovenia,2004,0.247907384
Slovenia,2005,0.246348632
Slovenia,2006,0.243639268
Slovenia,2007,0.243547532
Slovenia,2008,0.23718019
Slovenia,2009,0.247877353
Slovenia,2010,0.249332595
Slovenia,2011,0.248680337
Slovenia,2012,0.255855023
Slovenia,2013,0.262411044
Slovenia,2014,0.256575347
Slovenia,2015,0.254084646
Slovenia,2016,0.247579359
Slovenia,2017,0.242193073
Slovenia,2018,0.246333645
Slovenia,2019,0.243842324
Solomon Islands,2005,0.460968521
Solomon Islands,2012,0.37054927
Somalia,2017,0.368224051
South Africa,1993,0.593339364
South Africa,2000,0.577696618
South Africa,2005,0.647624886
South Africa,2008,0.630089973
South Africa,2010,0.63383188
South Africa,2014,0.630260727
South Korea,2006,0.317029842
South Korea,2008,0.323248326
South Korea,2010,0.320212246
South Korea,2012,0.315580517
South Korea,2014,0.311929046
South Korea,2016,0.314048565
South Sudan,2009,0.463406607
South Sudan,2016,0.441441282
Spain,1980,0.344835462
Spain,1985,0.344316743
Spain,1990,0.32023741
Spain,1995,0.366541199
Spain,2000,0.342510455
Spain,2003,0.31804665
Spain,2004,0.333052924
Spain,2005,0.324356387
Spain,2006,0.335452265
Spain,2007,0.34138834
Spain,2008,0.342215725
Spain,2009,0.349261256
Spain,2010,0.352468371
Spain,2011,0.356986043
Spain,2012,0.354063304
Spain,2013,0.361851672
Spain,2014,0.360544135
Spain,2015,0.361814192
Spain,2016,0.357598942
Spain,2017,0.346545469
Spain,2018,0.347189473
Spain,2019,0.343058368
Sri Lanka,1985,0.324678544
Sri Lanka,1990,0.324474329
Sri Lanka,1995,0.353995391
Sri Lanka,2002,0.401719063
Sri Lanka,2006,0.396690194
Sri Lanka,2009,0.360541525
Sri Lanka,2012,0.387136085
Sri Lanka,2016,0.393457734
Sudan,2009,0.35395337
Sudan,2014,0.342431971
Suriname - urban,1999,0.578514039
Sweden,1967,0.339738567
Sweden,1975,0.242854695
Sweden,1981,0.229235733
Sweden,1987,0.23057627
Sweden,1992,0.249087335
Sweden,1995,0.252365056
Sweden,2000,0.272364418
Sweden,2003,0.252697464
Sweden,2004,0.261421744
Sweden,2005,0.268256759
Sweden,2006,0.263524928
Sweden,2007,0.271161052
Sweden,2008,0.281213356
Sweden,2009,0.273414697
Sweden,2010,0.277381608
Sweden,2011,0.276066224
Sweden,2012,0.276453794
Sweden,2013,0.288252206
Sweden,2014,0.283897227
Sweden,2015,0.292101908
Sweden,2016,0.295621745
Sweden,2017,0.287746034
Sweden,2018,0.299741887
Sweden,2019,0.293055749
Switzerland,1982,0.360073734
Switzerland,1992,0.338564081
Switzerland,2000,0.334310552
Switzerland,2002,0.316867314
Switzerland,2006,0.339188077
Switzerland,2007,0.342555348
Switzerland,2008,0.337946999
Switzerland,2009,0.328558563
Switzerland,2010,0.325530304
Switzerland,2011,0.317136185
Switzerland,2012,0.315671265
Switzerland,2013,0.324621873
Switzerland,2014,0.325256587
Switzerland,2015,0.323069572
Switzerland,2016,0.33042451
Switzerland,2017,0.32676334
Switzerland,2018,0.33141051
Syria,1996,0.351693822
Syria,2003,0.375146032
Taiwan,1981,0.299694825
Taiwan,1986,0.297079558
Taiwan,1991,0.299678021
Taiwan,1995,0.313241425
Taiwan,1997,0.308221064
Taiwan,2000,0.311114764
Taiwan,2005,0.32179585
Taiwan,2007,0.321245681
Taiwan,2010,0.332133257
Taiwan,2013,0.324873852
Taiwan,2016,0.314827156
Tajikistan,1999,0.29543138
Tajikistan,2003,0.32722693
Tajikistan,2004,0.336019493
Tajikistan,2007,0.321916144
Tajikistan,2009,0.307749544
Tajikistan,2015,0.339957181
Tanzania,1991,0.352922222
Tanzania,2000,0.373011278
Tanzania,2007,0.402790969
Tanzania,2011,0.377831495
Tanzania,2018,0.4049123
Thailand,1981,0.452168213
Thailand,1988,0.43838599
Thailand,1990,0.452656486
Thailand,1992,0.478579578
Thailand,1994,0.434702118
Thailand,1996,0.429049214
Thailand,1998,0.414557947
Thailand,1999,0.430915875
Thailand,2000,0.428336678
Thailand,2002,0.419444959
Thailand,2004,0.425403126
Thailand,2006,0.418190339
Thailand,2007,0.397615164
Thailand,2008,0.402882739
Thailand,2009,0.396012638
Thailand,2010,0.394027714
Thailand,2011,0.374590334
Thailand,2012,0.392566692
Thailand,2013,0.378471082
Thailand,2014,0.37032664
Thailand,2015,0.359873327
Thailand,2016,0.368906279
Thailand,2017,0.36528755
Thailand,2018,0.364121734
Thailand,2019,0.34855722
Thailand,2020,0.349858159
Togo,2006,0.422125752
Togo,2011,0.46020582
Togo,2015,0.430561394
Togo,2018,0.423522255
Tonga,2000,0.37690176
Tonga,2009,0.374964878
Tonga,2015,0.375874392
Trinidad and Tobago,1988,0.426013111
Trinidad and Tobago,1992,0.402729692
Tunisia,1985,0.434337664
Tunisia,1990,0.402351168
Tunisia,1995,0.416572967
Tunisia,2000,0.408094782
Tunisia,2005,0.377333825
Tunisia,2010,0.358082561
Tunisia,2015,0.328158825
Turkey,1987,0.434770847
Turkey,1994,0.413152024
Turkey,2002,0.413963778
Turkey,2003,0.421843381
Turkey,2004,0.41287508
Turkey,2005,0.426146563
Turkey,2006,0.396474127
Turkey,2007,0.38442799
Turkey,2008,0.3902054
Turkey,2009,0.389653091
Turkey,2010,0.387850803
Turkey,2011,0.400393548
Turkey,2012,0.401689369
Turkey,2013,0.401784979
Turkey,2014,0.412365629
Turkey,2015,0.428544577
Turkey,2016,0.418737048
Turkey,2017,0.414056667
Turkey,2018,0.418775203
Turkey,2019,0.419091087
Turkmenistan,1998,0.408069274
Tuvalu,2010,0.391390334
Uganda,1989,0.443627175
Uganda,1992,0.414293604
Uganda,1996,0.390437186
Uganda,1999,0.430037543
Uganda,2002,0.451723258
Uganda,2005,0.429447399
Uganda,2009,0.441955593
Uganda,2012,0.410099667
Uganda,2016,0.427536926
Uganda,2019,0.427054538
Ukraine,1992,0.297089214
Ukraine,1993,0.289269836
Ukraine,1995,0.392875361
Ukraine,1996,0.351559473
Ukraine,1999,0.289614644
Ukraine,2002,0.290456955
Ukraine,2003,0.286648936
Ukraine,2004,0.289340164
Ukraine,2005,0.290207136
Ukraine,2006,0.297943923
Ukraine,2007,0.270126865
Ukraine,2008,0.266382302
Ukraine,2009,0.253166637
Ukraine,2010,0.248189756
Ukraine,2011,0.245518438
Ukraine,2012,0.247406569
Ukraine,2013,0.245549855
Ukraine,2014,0.240253659
Ukraine,2015,0.254575403
Ukraine,2016,0.25002203
Ukraine,2017,0.260490491
Ukraine,2018,0.260714857
Ukraine,2019,0.266194663
Ukraine,2020,0.256273613
United Arab Emirates,2013,0.325104209
United Kingdom,1969,0.336724253
United Kingdom,1974,0.299772351
United Kingdom,1979,0.284272222
United Kingdom,1986,0.318854672
United Kingdom,1991,0.359274003
United Kingdom,1994,0.359789229
United Kingdom,1995,0.355166401
United Kingdom,1996,0.352952405
United Kingdom,1997,0.357351644
United Kingdom,1998,0.366214727
United Kingdom,1999,0.367837793
United Kingdom,2000,0.396101349
United Kingdom,2001,0.379033709
United Kingdom,2002,0.357194582
United Kingdom,2003,0.355040542
United Kingdom,2004,0.360015022
United Kingdom,2005,0.342732671
United Kingdom,2006,0.346089371
United Kingdom,2007,0.356976124
United Kingdom,2008,0.341424672
United Kingdom,2009,0.342699528
United Kingdom,2010,0.343899337
United Kingdom,2011,0.331652452
United Kingdom,2012,0.323450972
United Kingdom,2013,0.332089732
United Kingdom,2014,0.340489265
United Kingdom,2015,0.332350808
United Kingdom,2016,0.347796148
United Kingdom,2017,0.351488307
United States,1974,0.353434656
United States,1979,0.345001938
United States,1986,0.373515096
United States,1991,0.380459151
United States,1992,0.38373883
United States,1993,0.403645427
United States,1994,0.399868036
United States,1995,0.398549953
United States,1996,0.403097324
United States,1997,0.40525718
United States,1998,0.399536102
United States,1999,0.399858204
United States,2000,0.401406851
United States,2001,0.405967813
United States,2002,0.403544463
United States,2003,0.407725912
United States,2004,0.402533539
United States,2005,0.409653696
United States,2006,0.41398576
United States,2007,0.407985674
United States,2008,0.408121927
United States,2009,0.406108136
United States,2010,0.40010713
United States,2011,0.409371125
United States,2012,0.409368614
United States,2013,0.406520119
United States,2014,0.41511606
United States,2015,0.412387776
United States,2016,0.41121886
United States,2017,0.411805587
United States,2018,0.414078436
United States,2019,0.415355669
Uruguay,2006,0.459415902
Uruguay,2007,0.464051328
Uruguay,2008,0.450817799
Uruguay,2009,0.455416817
Uruguay,2010,0.444750164
Uruguay,2011,0.421753176
Uruguay,2012,0.399005725
Uruguay,2013,0.40450911
Uruguay,2014,0.401110826
Uruguay,2015,0.401287699
Uruguay,2016,0.396955003
Uruguay,2017,0.394645312
Uruguay,2018,0.396872398
Uruguay,2019,0.39676545
Uruguay,2020,0.401521436
Uruguay - urban,1981,0.436454285
Uruguay - urban,1989,0.423693595
Uruguay - urban,1992,0.414681371
Uruguay - urban,1995,0.40926679
Uruguay - urban,1996,0.407513948
Uruguay - urban,1997,0.414567729
Uruguay - urban,1998,0.424823986
Uruguay - urban,2000,0.42905604
Uruguay - urban,2001,0.450076843
Uruguay - urban,2002,0.455443754
Uruguay - urban,2003,0.450338324
Uruguay - urban,2004,0.458811549
Uruguay - urban,2005,0.447278023
Uzbekistan,1998,0.446731737
Uzbekistan,2000,0.361028142
Uzbekistan,2002,0.330436809
Uzbekistan,2003,0.352687973
Vanuatu,2010,0.373512982
Vanuatu,2019,0.323175748
Venezuela,1981,0.556098621
Venezuela,1987,0.53447969
Venezuela,1989,0.438382759
Venezuela,1992,0.421035492
Venezuela,1995,0.472122583
Venezuela,1998,0.480637821
Venezuela,1999,0.477622883
Venezuela,2001,0.472314213
Venezuela,2002,0.49013414
Venezuela,2003,0.481023205
Venezuela,2004,0.475041249
Venezuela,2005,0.494591771
Venezuela,2006,0.447704983
Vietnam,1992,0.356545588
Vietnam,1997,0.354422075
Vietnam,2002,0.370296242
Vietnam,2004,0.367858307
Vietnam,2006,0.357886156
Vietnam,2008,0.355703125
Vietnam,2010,0.392527248
Vietnam,2012,0.356458864
Vietnam,2014,0.347553755
Vietnam,2016,0.352667389
Vietnam,2018,0.357155461
Yemen,1998,0.349977864
Yemen,2005,0.347323343
Yemen,2014,0.367070943
Zambia,1991,0.605061914
Zambia,1993,0.526086119
Zambia,1996,0.483336826
Zambia,1998,0.491337762
Zambia,2002,0.420619261
Zambia,2004,0.542947813
Zambia,2006,0.546175053
Zambia,2010,0.556214912
Zambia,2015,0.571360584
Zimbabwe,2011,0.431535751
Zimbabwe,2017,0.443370821
Zimbabwe,2019,0.50256451
