country,Country Code,Indicator Name,Indicator Code,1960,1961,1962,1963,1964,1965,1966,1967,1968,1969,1970,1971,1972,1973,1974,1975,1976,1977,1978,1979,1980,1981,1982,1983,1984,1985,1986,1987,1988,1989,1990,1991,1992,1993,1994,1995,1996,1997,1998,1999,2000,2001,2002,2003,2004,2005,2006,2007,2008,2009,2010,2011,2012,2013,2014,2015,2016,2017,2018,2019,2020,2021,2022
Aruba,ABW,"Mortality rate, under-5 (per 1,000 live births)",SH.DYN.MORT,,,,,,,,,,,,,,,,,,,,,,,,,,,,,,,,,,,,,,,,,,,,,,,,,,,,,,,,,,,,,,,
Africa Eastern and Southern,AFE,"Mortality rate, under-5 (per 1,000 live births)",SH.DYN.MORT,,,,,,,,,,,,,,,,,,,,,,,,,,,,,,,165.8325615,164.1610547,162.6952167,161.3792024,161.9839631,156.5805614,153.9986507,151.2609016,147.4108427,142.9923551,138.1802347,132.7441217,127.1356098,121.4355149,115.8288668,110.4719323,105.4571817,100.4112639,95.3811816,90.71112919,86.41638031,82.49150639,78.7877273,75.44268973,72.49238369,69.86918586,67.36392905,65.09105284,62.85718936,60.85591681,59.08730887,57.2847271,
Afghanistan,AFG,"Mortality rate, under-5 (per 1,000 live births)",SH.DYN.MORT,357.3,351.7,345.8,340.2,334.8,329.4,323.9,318.4,312.8,307.2,301.9,296.4,290.7,285.2,279.6,274,268.3,262.4,256.4,250.3,243.8,237.3,230.8,224.2,217.7,211.1,204.6,197.9,191.4,184.9,178.5,172.2,166.3,160.8,155.5,150.6,146,141.6,137.3,133.3,129.3,125.3,121.2,117,112.8,108.6,104.3,100,95.9,91.8,87.8,84,80.3,76.8,73.4,70.2,67.2,64.6,62.2,59.9,57.8,55.7,
Africa Western and Central,AFW,"Mortality rate, under-5 (per 1,000 live births)",SH.DYN.MORT,,,,,,,,,,,,,,,,,,,,,,,,,,,,,,,197.8631168,196.2527806,194.7900961,193.2372271,191.3815988,189.0173427,186.2519785,182.6567945,178.6286268,174.0801931,169.2071262,164.1274005,158.8356899,153.4206066,148.1244288,142.8956731,138.0145587,133.5153506,129.3799748,125.5242823,122.0545652,119.0251381,116.2494692,113.6642505,111.4320273,109.1853888,106.8910191,104.6270062,102.0141439,99.5519598,96.92830728,94.37223504,
Angola,AGO,"Mortality rate, under-5 (per 1,000 live births)",SH.DYN.MORT,,,,,,,,,,,,,,,,,,,,,238.9,236.1,233.5,230.8,228.5,226.6,225.5,224.7,224,223.7,223.5,223.5,223.6,223.7,223.3,222.4,220.9,218.2,214.6,210.3,205.1,198.9,191.9,184.2,175.5,166.2,156.8,147.1,137.5,128.5,120,112.2,104.9,98.3,92.9,88.3,84.4,81.1,78,75,72.1,69.4,
Albania,ALB,"Mortality rate, under-5 (per 1,000 live births)",SH.DYN.MORT,,,,,,,,,,,,,,,,,,,96.4,88.7,81.3,74.8,69,63.7,58.9,54.8,51.1,47.9,45.2,42.8,40.8,39.1,37.6,36.3,35,33.8,32.5,31.2,29.9,28.5,27.2,25.8,24.4,22.9,21.5,20,18.5,17.1,15.8,14.5,13.3,12.2,11.2,10.5,9.9,9.6,9.4,9.3,9.3,9.4,9.4,9.5,
Andorra,AND,"Mortality rate, under-5 (per 1,000 live births)",SH.DYN.MORT,,,,,,,,,,,,,,,,,,,,,,,,,,17.5,16.5,15.6,14.7,13.9,13.1,12.4,11.7,11.1,10.5,9.9,9.4,8.9,8.4,8,7.6,7.2,6.9,6.5,6.3,6,5.6,5.4,5.1,4.8,4.6,4.3,4.1,3.9,3.7,3.5,3.4,3.2,3.1,3,2.8,2.8,
Arab World,ARB,"Mortality rate, under-5 (per 1,000 live births)",SH.DYN.MORT,,,,,,,,,,,,,,,,,,,,,,,,,,,,,,,82.04066543,79.61902079,76.77673806,74.33651602,72.20318855,70.1672654,68.05276174,66.00173159,63.97077504,62.02634998,59.99941177,57.98771687,56.16427939,54.33391495,52.61523093,50.95796022,49.37039858,47.53304413,45.85336357,44.30384006,42.7782778,41.58257979,41.25852556,40.5784292,39.67262702,38.76194648,38.18307146,36.90506819,36.40498461,35.72550307,34.8094619,34.45451133,
United Arab Emirates,ARE,"Mortality rate, under-5 (per 1,000 live births)",SH.DYN.MORT,201.6,191.1,181.1,170.8,160.4,149.7,138.9,128.1,117.6,107.5,97.9,88.8,80.4,72.8,65.9,59.6,53.8,48.5,43.6,39.2,35.3,32,29.1,26.6,24.6,22.7,21.2,19.8,18.6,17.5,16.5,15.7,14.9,14.2,13.6,13.1,12.6,12.2,11.8,11.5,11.1,10.9,10.6,10.3,10.1,9.8,9.6,9.4,9.2,8.9,8.7,8.4,8.2,8,7.8,7.6,7.4,7.2,7,6.8,6.6,6.4,
Argentina,ARG,"Mortality rate, under-5 (per 1,000 live births)",SH.DYN.MORT,,,,,,,,,,72.4,71.7,70.9,69.7,68.2,66.2,63.4,59.9,55.7,51.2,46.8,42.9,39.4,36.5,34.1,32.1,30.6,29.6,29.1,29,28.9,28.8,28.3,27.6,26.5,25.4,24.3,23.2,22.2,21.3,20.4,19.7,19,18.3,17.7,17.1,16.6,16.1,15.7,15.4,15,14.5,13.9,13.3,12.7,12.2,11.6,11,10.3,9.5,8.6,7.7,6.9,
Armenia,ARM,"Mortality rate, under-5 (per 1,000 live births)",SH.DYN.MORT,,,,,,,,,,,,,,,,,86.9,83.4,80,76.8,73.7,70.7,67.8,65.1,62.6,60.1,57.7,55.4,92.7,51.1,48.9,46.9,44.8,42.8,40.9,39,37.2,35.5,33.8,32.2,30.7,29.2,27.8,26.4,25.1,23.9,22.7,21.6,20.5,19.5,18.5,17.6,16.8,15.9,15.1,14.4,13.7,13,12.4,11.8,11.3,10.7,
American Samoa,ASM,"Mortality rate, under-5 (per 1,000 live births)",SH.DYN.MORT,,,,,,,,,,,,,,,,,,,,,,,,,,,,,,,,,,,,,,,,,,,,,,,,,,,,,,,,,,,,,,,
Antigua and Barbuda,ATG,"Mortality rate, under-5 (per 1,000 live births)",SH.DYN.MORT,86.3,80.4,74,67.4,60.8,54.5,48.6,43.3,38.8,34.9,31.7,29,26.8,25,23.5,22.1,20.8,19.5,18.3,17.3,16.3,15.5,14.8,14.3,14,13.7,13.6,13.6,13.7,13.8,14.1,14.4,14.7,15.1,15.5,15.7,16,16.1,16,15.8,15.5,15.1,14.7,14.1,13.5,12.9,12.3,11.7,11.2,10.6,10.1,9.5,9,8.6,8.1,7.7,7.4,7.1,6.8,6.6,6.4,6.1,
Australia,AUS,"Mortality rate, under-5 (per 1,000 live births)",SH.DYN.MORT,24.8,24.3,23.7,23.2,22.7,22.4,22.1,22,21.9,21.7,21.5,21,20.3,19.4,18.4,17.3,16.2,15.2,14.4,13.6,13,12.5,12.2,11.9,11.6,11.3,11,10.6,10.2,9.7,9.2,8.7,8.2,7.7,7.3,7,6.8,6.6,6.4,6.3,6.2,6.1,6,5.9,5.8,5.7,5.6,5.4,5.2,5,4.8,4.5,4.3,4.1,4,3.9,3.8,3.8,3.8,3.8,3.7,3.7,
Austria,AUT,"Mortality rate, under-5 (per 1,000 live births)",SH.DYN.MORT,42.9,40.2,37.9,35.9,34.2,32.7,31.5,30.5,29.7,29.3,29,28.7,28.1,26.9,25.2,23.1,21,19.4,18.1,17.1,16.2,15.5,14.8,14,13.3,12.6,11.9,11.1,10.5,9.9,9.5,9.1,8.6,8,7.4,6.8,6.3,6,5.8,5.6,5.5,5.4,5.3,5.2,5.1,4.9,4.7,4.6,4.5,4.5,4.3,4.2,4,3.9,3.8,3.7,3.6,3.6,3.6,3.6,3.6,3.7,
Azerbaijan,AZE,"Mortality rate, under-5 (per 1,000 live births)",SH.DYN.MORT,,,,,,,,,,,,,,,,,,,,,,,110,107.2,104.7,102.2,100.1,98.2,96.7,95.7,95.3,95.5,95.9,96,95.5,94.2,91.9,88.7,84.6,79.7,74.6,69.4,64.5,59.8,55.7,52,48.7,45.6,42.7,39.9,37.3,34.8,32.5,30.3,28.3,26.3,24.5,22.9,21.5,20.4,19.4,18.6,
Burundi,BDI,"Mortality rate, under-5 (per 1,000 live births)",SH.DYN.MORT,,,,,241.2,243.3,245.1,246.7,248.4,249.8,250.6,250.9,316.3,251.2,251.1,250.6,249.2,246.2,240.7,233,224,213.7,202.8,192.1,182.8,175.9,171.2,168.9,168.3,169.1,170.3,171.8,172.9,194.2,173.3,172.4,170.5,167.7,163.9,159.4,154.6,149.5,143.9,138.1,131.7,124.7,117.5,110.3,103.5,97,91,85.6,80.5,75.7,71.6,67.9,64.6,61.7,59.1,56.7,54.6,52.6,
Belgium,BEL,"Mortality rate, under-5 (per 1,000 live births)",SH.DYN.MORT,33.8,32.4,31.1,30,28.9,27.9,27,26.2,25.5,24.8,24,23.1,22,20.8,19.6,18.5,17.6,16.7,15.9,15.2,14.6,13.9,13.3,12.7,12.2,11.7,11.4,11,10.7,10.3,10,9.7,9.3,8.8,8.2,7.6,7.1,6.6,6.3,6.1,5.9,5.7,5.5,5.3,5.2,5,4.9,4.8,4.7,4.6,4.5,4.4,4.3,4.2,4.1,4.1,4.1,4.1,4.1,4.1,4.1,4.1,
Benin,BEN,"Mortality rate, under-5 (per 1,000 live births)",SH.DYN.MORT,309.2,304.4,299.4,294.3,289.1,283.9,278.9,273.9,269.2,264.6,260,255.4,250.8,246,241.1,236,230.9,226,221.2,216.6,212.3,208.1,204.1,200.2,196.3,192.5,188.6,184.6,180.7,176.7,172.7,168.6,164.6,160.7,156.9,153.3,149.9,146.5,143.3,140.1,136.8,133.6,130.5,127.4,124.4,121.6,118.9,116.3,113.8,111.4,109.1,106.9,104.6,102.3,100.1,97.9,95.6,93.4,91.1,88.6,86,83.5,
Burkina Faso,BFA,"Mortality rate, under-5 (per 1,000 live births)",SH.DYN.MORT,346,342.2,338.3,334.8,331.5,328.7,325.8,323.2,320.7,318.3,315.5,312.2,307.5,301.2,293.5,284.4,274.3,264.2,255,246.9,239.8,233.8,228.6,223.8,219.3,214.7,210.3,206.2,203,200.6,199.1,198.3,198,197.4,196.5,194.8,192.3,189.3,186,182.5,178.7,174.7,170.2,165,159.1,152.8,146,139.3,133.1,127.2,121.9,117.2,112.9,108.7,104.7,101.1,97.7,94.5,91.3,88.2,85.4,82.6,
Bangladesh,BGD,"Mortality rate, under-5 (per 1,000 live births)",SH.DYN.MORT,262,256,250.2,245.1,240.5,236.6,233.5,231.2,229.6,228.6,273.1,373.2,227.5,226.9,225.6,223.8,221.3,218.1,214.3,210,205.3,200.3,195,189.4,183.6,177.5,171.3,164.9,158.5,152.2,146,139.7,133.4,127.1,120.9,114.7,108.6,102.7,96.9,91.3,86.1,81.1,76.6,72.3,68.3,64.5,61,57.7,54.7,51.8,49.2,46.7,44.4,42.1,40,38,36,34.1,32.2,30.4,28.8,27.3,
Bulgaria,BGR,"Mortality rate, under-5 (per 1,000 live births)",SH.DYN.MORT,55.4,49,44.2,40.7,38.5,37.4,37.1,36.7,35.6,33.9,32.3,31.1,30.2,29.5,29,28.6,28,27.2,26.1,24.9,23.8,22.9,22.2,21.5,20.7,19.8,18.7,17.9,17.7,17.9,18.4,18.9,19.2,19.3,19.1,19.1,19.3,19.4,19,18.2,17.4,16.7,16,15.2,14.2,13.3,12.4,11.8,11.4,11.1,10.8,10.4,9.8,9.2,8.7,8.1,7.7,7.3,7,6.7,6.5,6.3,
Bahrain,BHR,"Mortality rate, under-5 (per 1,000 live births)",SH.DYN.MORT,197.7,181.1,165.8,151.4,138,125.4,114,103.3,93.5,84.4,76.2,68.8,62.2,56.4,51.4,47,43.2,39.9,37,34.5,32.3,30.4,28.7,27.3,26.1,25,24.2,23.7,23.4,23.2,23,22.7,22.1,21.1,19.7,18.1,16.6,15.2,14,13.1,12.5,12,11.6,11.3,11,10.6,10.2,9.8,9.3,8.9,8.5,8.1,7.9,7.7,7.5,7.4,7.3,7.3,7.2,7.1,7,6.9,
"Bahamas, The",BHS,"Mortality rate, under-5 (per 1,000 live births)",SH.DYN.MORT,,,,,,,,,29.4,29.9,30.4,30.9,31.3,31.5,31.6,31.5,31.2,30.8,30.4,29.9,29.4,29,28.6,28.3,28.1,27.8,27.3,26.6,25.6,24.6,23.5,22.4,21.4,20.4,19.4,18.5,17.7,17,16.6,16.3,16.3,16.4,16.6,16.8,16.9,16.9,16.8,16.5,16.2,15.8,15.4,15.1,14.7,14.4,14.1,13.9,13.8,13.6,13.5,23.4,13.3,13.2,
Bosnia and Herzegovina,BIH,"Mortality rate, under-5 (per 1,000 live births)",SH.DYN.MORT,,,,,,,,,,,,,,,,,,,,,,,,,29.4,27,24.9,23,21.2,19.6,18.1,16.8,35.5,35,26.1,14,12.2,11.5,10.9,10.3,9.9,9.6,9.3,9.2,9,8.9,8.6,8.3,7.9,7.5,7.2,6.9,6.7,6.5,6.4,6.3,6.2,6.1,6,5.9,5.7,5.6,
Belarus,BLR,"Mortality rate, under-5 (per 1,000 live births)",SH.DYN.MORT,,,,,,,,,,,,,,,,,,,,,21.1,20.2,19.4,18.7,18.1,17.6,17,16.4,15.9,15.5,15.2,15.2,15.3,15.5,15.7,15.7,15.5,15.1,14.5,13.7,12.8,11.8,10.9,10.1,9.4,8.7,8,7.3,6.6,6.1,5.6,5.2,4.9,4.6,4.3,4.1,3.9,3.6,3.4,3.1,2.9,2.7,
Belize,BLZ,"Mortality rate, under-5 (per 1,000 live births)",SH.DYN.MORT,,,,,,,,110.5,106.1,101.6,97.5,93.5,89.6,85.9,82.4,79.2,76.1,73.2,70.3,67.5,64.9,62.3,59.7,57.1,54.5,51.8,49.1,46.3,43.6,40.9,38.4,36.1,34,32.1,30.4,28.9,27.6,26.5,25.4,24.5,23.6,22.9,22.2,21.7,21.3,20.9,20.6,20.3,19.9,19.5,18.9,18.4,17.7,16.9,16.1,15.3,14.5,13.7,13,12.3,11.7,11.2,
Bermuda,BMU,"Mortality rate, under-5 (per 1,000 live births)",SH.DYN.MORT,,,,,,,,,,,,,,,,,,,,,,,,,,,,,,,,,,,,,,,,,,,,,,,,,,,,,,,,,,,,,,,
Bolivia,BOL,"Mortality rate, under-5 (per 1,000 live births)",SH.DYN.MORT,290.7,284.4,278.1,272,266,259.9,253.8,247.6,241.6,235.4,229.1,222.7,216.3,209.9,203.4,197,190.8,184.7,179,173.7,168.7,164,159.5,155.1,150.5,145.9,141.1,136.1,131.2,126.3,121.5,116.7,112.1,107.4,102.8,98.3,93.7,89.2,84.6,80,75.6,71.4,67.3,63.5,59.8,56.3,53.1,50,47.1,44.4,41.9,39.5,37.3,35.2,33.3,31.6,30.2,28.9,27.7,26.6,25.6,24.7,
Brazil,BRA,"Mortality rate, under-5 (per 1,000 live births)",SH.DYN.MORT,169.6,165.2,160.8,156.7,152.8,149.2,145.8,142.6,139.4,136,132.6,129.4,126,122.6,119.3,115.8,112.3,108.7,104.7,100.6,96.3,92,87.8,84,80.4,77.1,74.1,71.3,68.6,65.9,63.2,60.4,57.4,54.3,51.1,48,45,42.2,39.5,37,34.7,32.5,30.4,28.4,26.5,24.8,23.2,21.8,20.6,19.6,18.6,17.9,17.2,16.7,16.3,15.9,16.7,15.4,15.2,14.9,14.7,14.4,
Barbados,BRB,"Mortality rate, under-5 (per 1,000 live births)",SH.DYN.MORT,84.5,78.4,73.2,68.7,64.6,61.1,58,55.3,52.8,50.3,47.9,45.5,43.1,40.8,38.6,36.4,34.3,32.3,30.4,28.6,26.9,25.5,24.4,23.4,22.6,21.9,21.2,20.4,19.7,18.9,18.1,17.4,16.7,16,15.5,15.2,14.9,14.8,14.8,15,15.2,15.4,15.6,15.7,15.8,15.7,15.6,15.5,15.3,15.1,15,14.9,14.7,14.6,14.4,14.1,13.8,13.4,13,12.7,12.3,11.9,
Brunei Darussalam,BRN,"Mortality rate, under-5 (per 1,000 live births)",SH.DYN.MORT,122.5,110.1,98.3,88,79.5,72.9,68,64,60.7,57.5,54,50.1,45.9,41.7,37.6,33.8,30.4,27.4,24.8,22.6,20.6,19,17.6,16.5,15.5,14.8,14.2,13.8,13.5,13.3,13.3,13.3,13.2,13.1,12.8,12.4,12,11.5,11.1,10.7,10.3,10,9.8,9.7,9.5,9.5,9.5,9.5,9.5,9.6,9.7,9.8,10,10.2,10.4,10.6,10.8,11,11.2,11.4,11.5,11.5,
Bhutan,BTN,"Mortality rate, under-5 (per 1,000 live births)",SH.DYN.MORT,,,,,,,,,290.5,281.2,272.5,264.4,256.2,247.9,239.7,232.1,224.4,216.5,208.7,201.4,193.8,186.2,179,171.8,164.8,157.9,151.2,144.6,138.5,132.5,126.7,121,115.6,110.3,105.2,100.2,95.3,90.5,85.9,81.4,77.1,72.9,68.8,64.9,61.2,57.6,54.1,50.9,47.8,45,42.4,40.1,38,36.3,34.7,33.2,31.9,30.6,29.6,28.5,27.5,26.7,
Botswana,BWA,"Mortality rate, under-5 (per 1,000 live births)",SH.DYN.MORT,166.4,161,156.3,151.9,147.9,144.3,140.8,136.9,132.8,128.4,123.7,119.2,114.5,110.1,105.3,99.9,93.9,88,82.6,77.6,73.2,69.3,65.7,62.4,59.3,56.1,52.9,49.6,46.7,45.1,45.3,47.3,50.8,55.4,60.4,65.7,65.6,69.4,71.8,73,74,73.2,72.2,73.1,73.7,71.3,68.8,68.6,68.8,65.9,62.6,61.2,55.2,50.3,48.2,45.4,43.5,39.9,39,37.7,36.3,34.9,
Central African Republic,CAF,"Mortality rate, under-5 (per 1,000 live births)",SH.DYN.MORT,278.2,273.2,268,262.9,257.5,251.7,246.3,240.4,235,229.7,224.6,219.8,215.4,211,207.2,203.5,200,196.8,193.5,190.6,188.1,185.9,183.9,182.4,181.2,180.3,179.5,179,178.5,178,177.4,176.8,176.2,175.6,175,174.3,173.3,172,170.4,168.4,166.1,163.6,160.7,157.3,153.6,149.7,145.3,141.2,137.5,133.5,129.8,126.4,123.3,121.1,118.6,115.5,112.7,110.9,108.8,105.9,103,99.9,
Canada,CAN,"Mortality rate, under-5 (per 1,000 live births)",SH.DYN.MORT,32.6,31.5,30.5,29.4,28.2,27.1,26,25,24,23,22,20.9,19.9,18.9,17.9,16.9,16,15.1,14.2,13.3,12.5,11.8,11.2,10.6,10.1,9.8,9.4,9.1,8.8,8.5,8.2,8,7.7,7.4,7.2,6.9,6.7,6.5,6.4,6.3,6.2,6.2,6.2,6.2,6.1,6.1,6,6,5.9,5.8,5.7,5.7,5.6,5.5,5.4,5.4,5.3,5.3,5.2,5.2,5.1,5,
Central Europe and the Baltics,CEB,"Mortality rate, under-5 (per 1,000 live births)",SH.DYN.MORT,,,,,,,,,,,,,,,,,,,,,,,,,,,,,,,19.31691529,18.68047283,18.15493513,17.59711046,17.03882152,16.35455898,15.53397038,14.76764597,13.92157223,13.07245774,12.29235282,11.67547828,11.26797685,10.91099872,10.46796836,10.02397732,9.333724258,8.683643576,8.208364936,7.778267917,7.339330474,6.960753704,6.629074451,6.33162233,6.052444586,5.809812968,5.548312865,5.317168003,5.055564922,4.873932825,4.759366749,4.622352796,
Switzerland,CHE,"Mortality rate, under-5 (per 1,000 live births)",SH.DYN.MORT,26.5,26,25.4,24.5,23.6,22.6,21.6,20.7,19.9,19.2,18.4,17.6,16.7,15.7,14.8,13.8,12.9,12.1,11.4,10.9,10.4,10,9.7,9.4,9.2,9,8.9,8.8,8.6,8.4,8.2,7.8,7.5,7.1,6.7,6.4,6.1,6,5.8,5.7,5.6,5.5,5.4,5.3,5.2,5.1,4.9,4.8,4.7,4.6,4.6,4.5,4.4,4.4,4.3,4.3,4.2,4.1,4.1,4,3.9,3.8,
Channel Islands,CHI,"Mortality rate, under-5 (per 1,000 live births)",SH.DYN.MORT,,,,,,,,,,,,,,,,,,,,,,,,,,,,,,,,,,,,,,,,,,,,,,,,,,,,,,,,,,,,,,,
Chile,CHL,"Mortality rate, under-5 (per 1,000 live births)",SH.DYN.MORT,157.1,148.5,141.9,135.6,126.9,115.4,103.8,94,86.7,82.1,79.9,78.8,77.8,75.5,71.1,64.3,56.5,48.8,42,36.7,33,29.9,27,24.6,23.1,22.4,22.2,21.9,21.3,20.4,19.1,17.6,16.2,15,13.9,13.1,12.5,12.2,11.9,11.5,10.9,10.3,9.8,9.5,9.3,9.1,9,8.9,8.9,8.8,8.7,8.5,8.4,8.3,8.1,8,7.8,7.6,7.4,7.1,6.9,6.6,
China,CHN,"Mortality rate, under-5 (per 1,000 live births)",SH.DYN.MORT,,,,,,,,,,118.8,112.8,107.1,101.4,95.9,90.3,84.8,79.5,74.5,70.1,66.1,62.7,59.9,57.7,56,54.8,54.1,53.8,53.8,53.9,53.9,53.6,53.1,52.1,50.8,49.2,47.4,45.5,43.5,41.4,39.1,36.7,34.1,31.5,28.9,26.3,24,22,20.1,18.5,17.1,15.8,14.6,13.5,12.5,11.6,10.7,9.9,9.2,8.6,8,7.4,6.9,
Cote d'Ivoire,CIV,"Mortality rate, under-5 (per 1,000 live births)",SH.DYN.MORT,318.3,310.4,302.5,294.8,287.4,280,272.9,265.8,258.6,251.6,244.4,236.9,229,220.7,212,203.4,195,187.2,180.2,174.2,169.2,165,161.5,158.6,156.3,154.6,153.5,152.8,152.7,153,153.4,153.8,154.1,154.2,153.9,153.3,152.2,150.6,148.5,145.9,142.9,139.8,136.4,133,129.4,125.7,122.1,118.3,114.4,110.2,106.4,103.2,100.1,96.9,93.5,90.5,88,85.6,82.8,79.7,77.3,74.8,
Cameroon,CMR,"Mortality rate, under-5 (per 1,000 live births)",SH.DYN.MORT,278.6,272.5,267.6,263.1,258.3,252.7,246.1,238.2,229.6,220.7,212.2,204.9,199.1,194.8,192.2,190.7,189.7,188.3,186.2,183.3,179.1,173.9,167.8,161.3,154.7,148.6,143.4,139.3,136.8,135.8,136.2,137.9,140.2,142.7,145,146.7,147.9,148.5,148.1,146.7,144.4,141.5,138.2,134.6,131.1,127.9,124.6,121.3,117.8,114.5,110.2,105.9,101.5,96.9,92.5,88.1,84.3,80.8,77.7,75.1,72.4,69.8,
"Congo, Dem. Rep.",COD,"Mortality rate, under-5 (per 1,000 live births)",SH.DYN.MORT,,,,,,,,,,250.7,247.4,244.2,240.7,237,233.4,229.6,225.9,222.3,218.7,215.2,212,208.9,205.8,202.8,200.1,197.7,195.4,193.2,190.9,188.6,186.3,184,181.9,179.8,177.8,175.9,173.6,171,167.8,164.2,160.1,155.8,151.2,146.5,141.8,136.9,132.2,127.5,123,118.8,114.6,110.7,106.8,103.3,99.7,96.5,93.4,90.3,87.2,84.4,81.7,79,
"Congo, Rep.",COG,"Mortality rate, under-5 (per 1,000 live births)",SH.DYN.MORT,193.8,186.2,179.3,172.8,166.6,160.9,155.4,150.1,145.2,140.7,136.5,132.6,129.1,125.7,122.7,119.8,117.1,114.4,111.7,109.1,106.8,104.2,101.6,99.2,96.7,94.3,92.3,91,90.3,90.3,91.2,92.9,95.1,98,101.4,104.9,108.5,111.7,113.9,114.7,113.5,110.5,105.8,100,93.4,86.5,80,74.2,69.3,65.4,62.4,60.1,58.2,56.4,54.6,52.8,51,49.3,47.7,52.4,44.5,43,
Colombia,COL,"Mortality rate, under-5 (per 1,000 live births)",SH.DYN.MORT,134.9,130.5,126.2,122.3,118.5,114.9,111.4,108,104.6,101.1,97.5,93.9,90.1,86.2,82.2,78.1,74,69.8,65.8,61.9,58.2,54.7,51.5,48.5,45.9,43.6,41.5,39.7,38.2,36.8,35.6,34.4,33.2,32.1,31,29.9,28.8,27.8,26.8,25.9,25.1,24.3,23.6,22.8,22.2,21.5,20.9,20.2,19.6,19,18.4,17.8,17.2,16.7,16.1,15.6,15.1,14.6,14.1,13.7,13.3,12.8,
Comoros,COM,"Mortality rate, under-5 (per 1,000 live births)",SH.DYN.MORT,,,,,,,,,,,231.7,225.7,219.9,214.3,208.8,203.3,197.6,192.1,186.4,180.7,175,169.4,163.8,158.6,153.3,148.4,143.6,139.1,134.8,130.6,126.5,122.5,118.7,115,111.7,108.7,105.9,103.2,100.8,98.6,96.4,94.3,92.1,89.7,87.2,84.7,82.4,79.9,77.5,75.1,72.7,70.3,68,65.8,63.5,61.2,59,56.9,54.9,53.1,51.3,49.7,
Cabo Verde,CPV,"Mortality rate, under-5 (per 1,000 live births)",SH.DYN.MORT,181.8,179.7,177.4,175,172.3,169.1,165.3,161.1,156.5,151.1,145.2,138.7,132.1,125.4,118.6,112.2,106.3,101,96.5,92.8,90.1,88.1,86.5,84.8,82.6,79.6,75.7,71.4,67,63.2,60.4,58.7,57.9,57.7,57.5,56.7,54.6,51.4,47.1,42.5,38.1,34.4,31.6,29.7,28.6,28,27.8,27.8,27.6,27.2,26.5,25.5,24.2,22.8,21.3,19.7,18.3,17,15.9,15,14.2,13.5,
Costa Rica,CRI,"Mortality rate, under-5 (per 1,000 live births)",SH.DYN.MORT,96,93.3,92.5,92.5,92,90.2,87.7,84.9,81.9,78.5,74.8,70.1,64.6,58.3,51.7,45.3,39.3,33.9,29.5,26.4,24.4,23.4,22.9,22.7,22.5,22,21.2,20.1,18.9,17.8,16.9,16.2,15.7,15.4,15.1,14.9,14.7,14.5,14.1,13.6,13.1,12.6,12.1,11.8,11.5,11.3,11.2,11.1,10.9,10.7,10.5,10.2,9.9,9.6,9.3,9.1,8.9,8.7,8.4,8.2,7.9,7.6,
Caribbean small states,CSS,"Mortality rate, under-5 (per 1,000 live births)",SH.DYN.MORT,,,,,,,,,,,,,,,,,,,,,,,,,,,,,,,34.00675856,32.90211216,31.92091121,31.02788615,30.24156895,29.41917302,28.80717551,28.06814396,27.45848887,26.91608255,26.46527244,25.89726898,25.39836905,24.88280018,24.33380302,23.86558433,23.44997614,23.09738293,22.56351551,22.06819563,21.72238455,21.19259208,20.65789295,20.24003967,19.72367815,19.20269726,18.77878531,18.33732902,17.87810331,17.97186982,16.98097096,16.52820374,
Cuba,CUB,"Mortality rate, under-5 (per 1,000 live births)",SH.DYN.MORT,54,52.1,50.2,48.3,46.4,44.6,42.9,41.2,39.5,37.8,36.1,34.5,32.9,31.4,29.9,28.4,27,25.7,24.4,23.2,22.1,21,20,19,18.1,17.2,16.4,15.7,14.9,14.2,13.6,12.9,12.3,11.8,11.3,10.8,10.4,9.9,9.5,9.2,8.8,8.5,8.2,7.9,7.6,7.4,7.2,6.9,6.7,6.5,6.4,6.2,6,5.9,5.8,5.7,5.5,5.4,5.3,5.2,5.1,5,
Curacao,CUW,"Mortality rate, under-5 (per 1,000 live births)",SH.DYN.MORT,,,,,,,,,,,,,,,,,,,,,,,,,,,,,,,,,,,,,,,,,,,,,,,,,,,,,,,,,,,,,,,
Cayman Islands,CYM,"Mortality rate, under-5 (per 1,000 live births)",SH.DYN.MORT,,,,,,,,,,,,,,,,,,,,,,,,,,,,,,,,,,,,,,,,,,,,,,,,,,,,,,,,,,,,,,,
Cyprus,CYP,"Mortality rate, under-5 (per 1,000 live births)",SH.DYN.MORT,,,,,,,,,,,,38.2,35.4,33,30.5,27.8,24.8,22.2,20.5,19.4,18.8,18.3,17.6,16.3,14.8,13.3,12.1,11.4,11.1,11.2,11.3,11.1,10.7,10.2,9.6,9,8.5,8,7.5,7,6.5,6.1,5.7,5.3,5,4.6,4.3,4,3.8,3.6,3.5,3.3,3.1,3,2.9,2.8,2.7,2.7,2.8,2.8,2.8,2.8,
Czechia,CZE,"Mortality rate, under-5 (per 1,000 live births)",SH.DYN.MORT,,,,,,,,,,,,,,,,,,,,,,15.4,15,14.7,14.4,14.2,13.8,13.4,13,12.6,12.1,11.6,11,10.3,9.4,8.5,7.7,7,6.3,5.8,5.5,5.2,5,4.8,4.6,4.4,4.1,3.9,3.7,3.5,3.4,3.3,3.2,3.2,3.1,3.2,3.2,3.2,3.1,3,2.9,2.8,
Germany,DEU,"Mortality rate, under-5 (per 1,000 live births)",SH.DYN.MORT,,,,,,,,,27.1,26.4,25.6,24.9,24,23.1,22,20.8,19.6,18.3,17.1,16,15,14.1,13.2,12.5,11.8,11.1,10.6,10.1,9.5,9,8.5,8,7.6,7.2,6.8,6.5,6.2,5.9,5.7,5.5,5.4,5.2,5.1,5,4.9,4.7,4.6,4.5,4.4,4.3,4.2,4.1,4,4,4,3.9,3.9,3.9,3.8,3.7,3.6,3.6,
Djibouti,DJI,"Mortality rate, under-5 (per 1,000 live births)",SH.DYN.MORT,,,,,,,,,,,,,,,,,172.7,167.9,163.1,158.5,154.3,149.9,145.8,141.5,137.5,133.6,129.8,126.4,123.2,120.4,117.8,115.6,113.7,112.1,110.7,109.3,107.9,106.3,104.7,102.7,100.6,98.4,95.9,93.4,91,88.5,86.1,83.7,81.2,78.9,76.5,74.3,72.2,69.9,67.8,65.6,63.8,61.9,59.9,57.9,56,54.1,
Dominica,DMA,"Mortality rate, under-5 (per 1,000 live births)",SH.DYN.MORT,138.4,125.9,114.5,104.2,94.9,86.4,78.7,71.7,65.4,59.7,54.5,49.8,45.6,41.8,38.4,35.4,32.6,30.2,28,31.4,24.5,23,21.8,20.7,19.7,18.9,18.2,17.6,17.1,16.7,16.4,16.1,16,15.9,15.8,15.8,15.9,16.1,16.3,16.6,16.9,17.3,17.8,18.4,19,19.7,20.5,21.4,22.4,23.4,24.6,25.8,27.2,28.5,29.9,31.2,32.5,33.6,34.5,35.2,35.6,35.9,
Denmark,DNK,"Mortality rate, under-5 (per 1,000 live births)",SH.DYN.MORT,25,24.4,23.8,23,22.1,21.1,20,19,18.1,17.4,16.6,15.8,14.9,13.9,13.1,12.3,11.6,11.1,10.6,10.3,10,9.8,9.6,9.6,9.6,9.7,9.7,9.7,9.6,9.3,8.9,8.4,7.9,7.4,6.9,6.5,6.3,6,5.9,5.7,5.6,5.5,5.4,5.2,5,4.8,4.6,4.5,4.3,4.2,4.1,4.1,4.1,4.1,4.1,4.1,4,4,3.9,3.8,3.7,3.6,
Dominican Republic,DOM,"Mortality rate, under-5 (per 1,000 live births)",SH.DYN.MORT,147.2,146.1,144.5,142.6,140.3,137.8,135,132.2,129.4,126.5,123.5,120.1,116.5,112.7,108.7,104.7,100.8,97.1,93.6,90.2,86.9,83.7,80.7,77.8,75,72.2,69.6,67,64.5,62,59.6,57.2,54.8,52.4,50.2,48,46,44.2,42.6,41.2,40,39.1,38.2,37.5,36.9,36.5,36.1,35.8,35.5,35.4,35.2,35.2,35.1,35.1,35.1,35.1,35.1,35.1,34.8,34.3,33.7,33,
Algeria,DZA,"Mortality rate, under-5 (per 1,000 live births)",SH.DYN.MORT,240.8,240.8,241.4,242.3,243.4,244.3,245,245.3,244.6,242.6,239.2,234.1,228,220.8,212.6,203.7,194.1,184.3,173.8,162.5,149.9,135.3,119,102.3,87.2,74.7,65.3,59.1,55.3,53.1,51.9,51.3,50.8,50.2,49.4,48.5,47.3,46,44.7,43.2,41.7,40.1,38.5,36.9,35.3,33.8,32.3,31,29.8,28.7,27.8,27.1,26.5,26.1,25.7,25.3,24.9,24.5,24,23.5,22.9,22.3,
East Asia & Pacific (excluding high income),EAP,"Mortality rate, under-5 (per 1,000 live births)",SH.DYN.MORT,,,,,,,,,,,,,,,,,,,,,,,,,,,,,,,59.1424916,58.72502938,57.38420634,55.83471984,54.10953697,52.27147899,50.39473652,48.44402597,46.38310911,44.20563864,41.76415522,39.56143399,37.23117016,34.92734478,33.62036455,30.6067251,28.81304608,27.12440974,26.49189859,24.12494064,22.89015057,21.74822152,20.3477289,19.54064865,18.50139331,17.88703816,16.84876666,16.04123772,16.0533643,15.63004525,15.67298018,15.53390569,
Early-demographic dividend,EAR,"Mortality rate, under-5 (per 1,000 live births)",SH.DYN.MORT,,,,,,,,,,,,,,,,,,,,,,,,,,,,,,,109.8848263,106.5976913,103.6211342,100.6472885,98.43847173,94.66310998,91.70042889,88.8054257,85.7623342,82.50162177,79.362378,76.25198654,73.27453568,70.29174044,67.81862498,64.55591878,61.75225824,59.04288245,56.80497733,53.82122359,51.52328711,48.95885734,46.80793621,44.711174,42.60984717,40.76748181,39.06105999,37.36777211,35.8620963,34.50645107,33.15011911,31.91532691,
East Asia & Pacific,EAS,"Mortality rate, under-5 (per 1,000 live births)",SH.DYN.MORT,,,,,,,,,,,,,,,,,,,,,,,,,,,,,,,56.6,55.4,54.2,52.7,50.9,49.2,47.4,45.5,43.5,41.5,39.3,37.2,35.1,32.9,31.8,29,27.3,25.7,25.2,22.9,21.7,20.6,19.4,18.6,17.6,17,16.1,15.4,15.2,14.9,14.8,14.7,
Europe & Central Asia (excluding high income),ECA,"Mortality rate, under-5 (per 1,000 live births)",SH.DYN.MORT,,,,,,,,,,,,,,,,,,,,,,,,,,,,,,,47.96744045,47.79151386,47.95133565,47.93370691,47.18738518,46.25914856,44.73150414,42.99434208,41.00356626,38.87153791,36.34505322,33.87705806,31.35443156,28.97861917,27.01814615,25.30982951,23.60507368,22.03893671,20.5738932,19.30671273,18.23351602,17.2791934,16.29701688,15.48816111,14.6711919,13.90571377,13.18494942,12.67783316,12.2418863,11.8824832,11.44691658,11.0471034,
Europe & Central Asia,ECS,"Mortality rate, under-5 (per 1,000 live births)",SH.DYN.MORT,,,,,,,,,,,,,,,,,,,,,,,,,,,,,,,31,30.4,30,29.5,28.9,28.1,26.9,25.6,24.2,22.8,21.3,20.1,18.8,17.6,16.5,15.5,14.6,13.8,13,12.4,11.8,11.3,10.8,10.4,10,9.5,9.1,8.7,8.4,8.2,7.9,7.6,
Ecuador,ECU,"Mortality rate, under-5 (per 1,000 live births)",SH.DYN.MORT,174.7,169.5,164.7,160.3,156.1,152.4,148.8,145.8,142.8,139.9,137,133.5,129.6,125.1,120.1,114.8,109.5,104.7,100.1,95.6,91.3,86.9,82.3,77.9,73.6,69.5,65.8,62.5,59.5,56.7,54.1,51.4,48.8,46.1,43.5,40.8,38.2,35.7,33.4,31.4,29.6,28.1,26.7,25.5,24.5,23.5,22.6,21.7,20.8,19.9,19,18.1,17.3,16.6,16,15.4,14.8,14.4,13.9,13.4,12.9,12.5,
"Egypt, Arab Rep.",EGY,"Mortality rate, under-5 (per 1,000 live births)",SH.DYN.MORT,317.8,307.8,297.7,287.6,278.6,270.5,263.5,258,253.5,249.7,246.3,242.6,238.1,232.5,225.3,216.7,207.3,197.5,187.6,177.9,168.3,158.7,148.9,138.9,128.8,118.9,110,102.2,95.7,90.3,85.7,81.5,77.4,73.2,68.9,64.6,60.5,56.6,53,49.7,46.7,44,41.6,39.5,37.6,35.9,34.3,32.8,31.4,30.1,28.8,27.6,26.4,25.3,24.3,23.4,22.6,21.8,21,20.3,19.6,19,
Euro area,EMU,"Mortality rate, under-5 (per 1,000 live births)",SH.DYN.MORT,,,,,,,,,,,,,,,,,,,,,,,,,,,,,,,9.58610875,9.193716944,8.771620788,8.30708873,7.77847575,7.300370712,6.875506363,6.511932644,6.233871001,6.014277448,5.815377479,5.603148782,5.398582399,5.187319,5.022199294,4.820171236,4.654792853,4.528203702,4.411521608,4.305913596,4.172173573,4.091379384,3.991977197,3.9484258,3.904895725,3.869681556,3.839111989,3.823269925,3.777427254,3.707713695,3.653806958,3.598046564,
Eritrea,ERI,"Mortality rate, under-5 (per 1,000 live births)",SH.DYN.MORT,,,,,,,,,,,,,,,216.2,211.5,207,203,199.3,196,193,190.3,187.6,184.7,181.7,178.3,174.4,170,165,159.3,153.1,146.1,138.5,130.5,122.5,114.7,107.5,101,95.2,90.1,85.5,81.3,77.5,73.9,70.6,67.6,64.7,62,59.6,57.4,55.2,53.3,51.5,49.8,48.1,46.4,44.9,43.4,41.9,40.6,39.3,38.1,
Spain,ESP,"Mortality rate, under-5 (per 1,000 live births)",SH.DYN.MORT,54.7,52,49.4,46.8,44.5,42.3,40.3,38.3,36.1,33.9,31.6,29.3,27.2,25.2,23.3,21.7,20.2,18.7,17.4,16.1,14.9,13.8,13,12.3,11.7,11.1,10.7,10.3,9.9,9.5,9.2,8.8,8.3,7.9,7.4,6.9,6.5,6.1,5.8,5.6,5.4,5.3,5.1,5,4.9,4.7,4.5,4.4,4.2,4,3.8,3.7,3.6,3.5,3.4,3.3,3.3,3.2,3.2,3.2,3.1,3,
Estonia,EST,"Mortality rate, under-5 (per 1,000 live births)",SH.DYN.MORT,,,,,,,,,,,,,,,,,,,,,22.5,21.7,20.9,20.2,19.5,19,18.6,18.3,18,17.8,17.7,17.5,17.3,17,16.4,15.7,14.8,13.9,12.9,11.9,11,10.1,9.3,8.5,7.8,7.1,6.5,6,5.5,5,4.6,4.2,3.9,3.6,3.4,3.1,2.9,2.7,2.5,2.3,2.1,2,
Ethiopia,ETH,"Mortality rate, under-5 (per 1,000 live births)",SH.DYN.MORT,,,,,,,247.9,247.2,246.7,246.7,246.3,246,245.5,245.2,244.8,244.2,243.8,243.2,242.5,241.4,239.4,236.8,233.6,229.8,225.8,221.6,217.4,213.3,209.4,205.2,200.8,195.9,190.6,184.6,178.1,171.4,164.9,158.5,152.4,146.5,140.5,134.4,128.1,121.7,115.3,108.9,102.8,97.1,91.7,86.7,82.1,77.7,73.6,69.6,65.9,62.4,59,56,53.2,50.9,48.7,46.8,
European Union,EUU,"Mortality rate, under-5 (per 1,000 live births)",SH.DYN.MORT,,,,,,,,,,,,,,,,,,,,,,,,,,,,,,,12.1422927,11.61080361,11.05108155,10.53410579,9.990400998,9.376127777,8.8175664,8.329960573,7.896622853,7.506581607,7.173006499,6.87073041,6.618058956,6.374491712,6.156730937,5.932980862,5.655119968,5.422755067,5.245893071,5.07775243,4.861520088,4.695389823,4.551427583,4.445586514,4.358328056,4.280779883,4.200784369,4.148324367,4.04891191,3.949594491,3.88051217,3.802309923,
Fragile and conflict affected situations,FCS,"Mortality rate, under-5 (per 1,000 live births)",SH.DYN.MORT,,,,,,,,,,,,,,,,,,,,,,,,,,,,,,,164.7284171,163.1146628,161.5234254,160.0316023,157.6512617,155.7524788,153.0640152,149.7552122,146.1710432,142.6054868,138.6967536,134.5335962,130.2101115,125.8023204,121.4367506,117.2832478,113.1222902,109.1705936,106.5106386,102.060337,99.49966901,96.23609839,93.97357479,91.68321285,89.58242557,87.49071646,85.65963732,83.53649127,81.51773284,79.50588512,77.4038834,75.44064677,
Finland,FIN,"Mortality rate, under-5 (per 1,000 live births)",SH.DYN.MORT,26.8,25.2,23.8,22.5,21.3,20.2,19.2,18.4,17.6,16.8,16.1,15.4,14.6,13.9,13.1,12.3,11.4,10.6,9.9,9.2,8.7,8.2,7.9,7.6,7.4,7.3,7.3,7.2,7.1,6.9,6.7,6.4,6.1,5.8,5.5,5.2,4.9,4.7,4.6,4.4,4.3,4.2,4.1,4,3.9,3.7,3.6,3.5,3.3,3.2,3,2.9,2.8,2.7,2.6,2.5,2.4,2.4,2.3,2.3,2.2,2.2,
Fiji,FJI,"Mortality rate, under-5 (per 1,000 live births)",SH.DYN.MORT,78.7,75.1,71.8,68.7,65.8,63.2,61.1,59.4,58.1,57.2,56.6,56.3,56,55.7,55.1,54.1,52.8,51,49,46.8,44.5,42.4,40.4,38.5,36.9,35.3,33.9,32.6,31.4,30.2,29.1,28,27,26,25.2,24.5,23.9,23.4,23,22.8,22.6,22.5,22.5,22.7,23,23.3,23.6,23.8,23.8,23.8,23.7,23.7,23.6,23.8,24.1,24.5,25,25.6,26.3,26.9,27.5,27.7,
France,FRA,"Mortality rate, under-5 (per 1,000 live births)",SH.DYN.MORT,28.5,27,25.7,24.5,23.4,22.3,21.4,20.6,19.9,19.1,18.2,17.4,16.6,15.9,15.4,15,14.5,13.9,13.3,12.8,12.4,11.9,11.5,11.1,10.7,10.4,10.1,9.8,9.6,9.3,9,8.6,8.1,7.6,7,6.5,6.1,5.8,5.6,5.5,5.4,5.3,5.1,4.9,4.8,4.6,4.5,4.4,4.4,4.3,4.2,4.2,4.1,4.1,4.1,4.2,4.2,4.3,4.3,4.3,4.4,4.4,
Faroe Islands,FRO,"Mortality rate, under-5 (per 1,000 live births)",SH.DYN.MORT,,,,,,,,,,,,,,,,,,,,,,,,,,,,,,,,,,,,,,,,,,,,,,,,,,,,,,,,,,,,,,,
"Micronesia, Fed. Sts.",FSM,"Mortality rate, under-5 (per 1,000 live births)",SH.DYN.MORT,125.7,120.4,115.4,110.5,105.9,101.5,97.3,93.1,89.2,85.6,82.2,79.1,76,73.3,70.8,68.6,66.6,64.8,63.3,61.9,60.7,59.8,59.1,58.4,57.5,56.5,55.2,53.7,52.1,50.5,49.2,47.9,46.9,45.9,45,44.1,43.1,41.9,40.7,39.5,38.5,37.5,41.4,36.3,36.1,36,36,35.9,35.6,35.1,34.5,33.7,33,32,31.1,30.2,29.2,28.2,27.3,26.4,25.6,24.9,
Gabon,GAB,"Mortality rate, under-5 (per 1,000 live births)",SH.DYN.MORT,223.2,216.6,210,203.7,197.4,191.4,185.5,179.8,174.4,169,163.9,158.9,154.1,149.4,144.7,140.3,135.8,131.5,127.4,123.2,119.3,115.5,111.9,108.6,105.5,102.6,100,97.7,95.7,94,92.4,91.2,90.3,89.4,89,88.6,88.2,87.7,86.9,85.9,84.5,82.8,80.8,78.8,76.6,74.3,72.1,69.6,67.1,64.6,61.8,59.3,56.8,54.2,52.2,50.4,48.4,46.6,44.9,43.2,41,39.7,
United Kingdom,GBR,"Mortality rate, under-5 (per 1,000 live births)",SH.DYN.MORT,26.6,26.1,25.6,24.9,24.2,23.4,22.8,22.2,21.8,21.4,21,20.6,20,19.4,18.7,18,17.2,16.4,15.7,14.9,14.1,13.4,12.7,12.1,11.7,11.4,11.1,10.8,10.4,9.9,9.3,8.7,8.2,7.7,7.4,7.2,7,6.9,6.8,6.7,6.5,6.4,6.3,6.2,6.1,6,5.9,5.8,5.6,5.4,5.2,5,4.8,4.6,4.5,4.5,4.4,4.4,4.4,4.3,4.3,4.2,
Georgia,GEO,"Mortality rate, under-5 (per 1,000 live births)",SH.DYN.MORT,,,,,,,,,,,,,,,,71.1,68.6,66.1,63.7,61.4,59.3,57.2,55.1,53.3,51.8,50.6,49.6,49,48.5,48.2,47.9,47.5,47.2,46.7,46.1,45.2,44.1,42.7,41.1,39.1,36.8,34.3,31.7,28.9,26.2,23.7,21.3,19.1,17.2,15.5,14.1,13,12.1,11.4,10.9,10.5,10.2,10,9.8,9.7,9.6,9.5,
Ghana,GHA,"Mortality rate, under-5 (per 1,000 live births)",SH.DYN.MORT,208.3,206.1,204.5,203.4,202.6,202.2,202.2,202.6,202.9,203,202.6,201.3,199.1,195.8,191.6,186.7,181.4,176.5,172.4,169.3,167,165.6,164.2,162.1,159.1,155,150,144.4,138.5,132.8,127.7,123.4,120.1,117.8,116.1,114.6,112.7,110.5,107.5,104,100.1,96,92.2,88.9,86.1,83.5,81.2,78.7,76.1,73,69.8,66.5,63.4,60.5,57.8,55.4,53.1,51,49.1,47.2,45.5,44,
Gibraltar,GIB,"Mortality rate, under-5 (per 1,000 live births)",SH.DYN.MORT,,,,,,,,,,,,,,,,,,,,,,,,,,,,,,,,,,,,,,,,,,,,,,,,,,,,,,,,,,,,,,,
Guinea,GIN,"Mortality rate, under-5 (per 1,000 live births)",SH.DYN.MORT,349.5,347.3,344.8,342.2,339.5,337,333.9,331.1,327.9,325,321.7,318.5,315.4,311.9,308.4,304.4,300.3,295.8,291,286.2,281.3,276.4,271.7,267,262.3,257.5,252.9,248.1,243.4,238.2,232.7,226.9,220.5,213.9,207,200,193,186.1,179.3,172.4,165.6,159,152.9,147,141.8,137.2,133.3,129.8,126.9,124.3,121.9,119.8,117.7,115.7,114.5,112.6,110.1,108.3,106.2,104,101.6,98.7,
"Gambia, The",GMB,"Mortality rate, under-5 (per 1,000 live births)",SH.DYN.MORT,361.8,354.6,347.2,340.4,333.8,327.2,320.8,314.3,307.7,301.3,294.6,288.2,281.7,275,268.5,261.8,255.1,248.5,242.1,235.9,229.5,223.2,216.9,210.4,203.8,197.3,190.8,184.5,178.3,172.4,166.5,160.8,155.3,149.7,144.1,138.8,133.5,128.3,123.3,118.4,113.7,109.1,104.5,100.2,95.9,91.8,87.8,84.1,80.6,77.2,74,70.8,68,65.2,62.6,60.1,57.7,55.5,53.4,51.5,49.6,47.9,
Guinea-Bissau,GNB,"Mortality rate, under-5 (per 1,000 live births)",SH.DYN.MORT,,,,,,,,,,,,,,,,,,,,,,,,,,244.4,239.6,235.3,231.1,226.9,222.8,218.5,214.1,209.6,205,200.1,195,190,185,179.7,174.5,169.1,163.4,157.6,151.5,145.2,138.9,132.6,126.3,120.1,114.4,109,103.9,99.4,95.5,91.8,88.6,85.5,82.4,79.5,77,74.3,
Equatorial Guinea,GNQ,"Mortality rate, under-5 (per 1,000 live births)",SH.DYN.MORT,,,,,,,,,,,,,,,,,,,,,,,200.3,196.5,192.4,188.7,185.7,183.4,181.6,180,178.5,177.1,175.7,174.4,173,171.3,169.1,166.5,163.3,159.5,155.5,151.3,147,142.4,138,133.5,128.8,124.1,119.6,115.3,111.3,107.5,103.6,100.2,96.8,93.7,90.6,87.6,84.7,81.9,79.3,76.8,
Greece,GRC,"Mortality rate, under-5 (per 1,000 live births)",SH.DYN.MORT,46,45.2,44,42.4,40.9,39.6,38.5,37.4,36,33.8,31.1,28.9,27.9,27.6,27.3,26.4,25.2,23.8,22.4,20.9,19.4,18.1,17.1,16.2,15.4,14.6,13.7,12.8,11.9,11.1,10.4,9.8,9.4,9.1,8.8,8.5,8.1,7.7,7.3,6.9,6.4,6,5.6,5.2,4.9,4.6,4.3,4.1,4,3.9,3.9,3.9,4,4.2,4.3,4.4,4.4,4.3,4.2,4,3.9,3.7,
Grenada,GRD,"Mortality rate, under-5 (per 1,000 live births)",SH.DYN.MORT,101.5,93.4,85.6,78.5,72.5,67.8,64.3,61.6,59.4,57.7,56.1,54.5,52.9,51.3,49.6,47.8,46,44,42.1,40.1,38.1,36.1,34.2,32.4,30.7,29,27.5,26.1,24.8,23.5,22.3,21.1,20,19,18.1,17.4,16.7,16.2,15.9,15.6,15.4,15.3,15.2,15.2,15.1,15.1,15.1,15.1,15.2,15.3,15.4,15.6,15.7,15.9,16.1,16.2,16.3,16.4,16.5,16.5,16.4,16.2,
Greenland,GRL,"Mortality rate, under-5 (per 1,000 live births)",SH.DYN.MORT,,,,,,,,,,,,,,,,,,,,,,,,,,,,,,,,,,,,,,,,,,,,,,,,,,,,,,,,,,,,,,,
Guatemala,GTM,"Mortality rate, under-5 (per 1,000 live births)",SH.DYN.MORT,221.9,216.4,211.1,205.9,200.9,195.9,191,185.9,180.9,175.8,170.7,165.6,160.5,155.5,150.5,145.6,161.8,136.1,131.3,126.7,122.1,117.5,134.6,108.7,104.4,100.1,95.9,91.9,87.9,84.1,80.4,76.9,73.5,70.3,67.2,64.3,61.6,59,56.6,54.3,52.1,50.1,48.1,46.2,44.4,42.7,41,39.4,37.8,36.3,34.8,33.4,32.1,30.8,29.5,28.4,27.3,26.3,25.4,24.6,23.8,23,
Guam,GUM,"Mortality rate, under-5 (per 1,000 live births)",SH.DYN.MORT,,,,,,,,,,,,,,,,,,,,,,,,,,,,,,,,,,,,,,,,,,,,,,,,,,,,,,,,,,,,,,,
Guyana,GUY,"Mortality rate, under-5 (per 1,000 live births)",SH.DYN.MORT,92,88.2,85,82.2,79.9,78.2,76.8,75.6,74.9,74.2,73.8,73.5,73.4,73.2,73,72.8,72.4,72,71.4,70.9,70.3,69.6,69,68.3,67.6,66.7,65.9,64.8,63.7,62.3,60.9,59.3,57.7,56.1,54.6,53.1,51.7,50.4,49.1,47.9,46.6,45.4,44.3,43.3,42.3,41.4,40.5,39.7,38.8,38.1,37.4,36.6,35.9,35,34.1,33.1,32.2,31.3,30.3,29.4,28.5,27.7,
High income,HIC,"Mortality rate, under-5 (per 1,000 live births)",SH.DYN.MORT,,,,,,,,,,,,,,,,,,,,,,,,,,,,,,,12.9,12.2,11.6,11.1,10.6,10.1,9.6,9.2,8.8,8.5,8.2,7.9,7.7,7.5,7.3,7.1,6.9,6.7,6.5,6.3,6.1,6,5.8,5.7,5.6,5.5,5.4,5.3,5.2,5.1,5,4.9,
"Hong Kong SAR, China",HKG,"Mortality rate, under-5 (per 1,000 live births)",SH.DYN.MORT,,,,,,,,,,,,,,,,,,,,,,,,,,,,,,,,,,,,,,,,,,,,,,,,,,,,,,,,,,,,,,,
Honduras,HND,"Mortality rate, under-5 (per 1,000 live births)",SH.DYN.MORT,208.6,201.5,194.9,188.4,182,175.7,169.6,163.6,157.6,151.8,146,140.4,134.9,129.5,148.9,119,113.9,109,104.1,99.4,94.9,90.5,86.2,82.1,78.2,74.5,70.9,67.5,64.3,61.2,58.3,55.6,53.1,50.8,48.6,46.5,44.6,42.7,64.2,39.2,37.5,35.8,34.2,32.8,31.4,30,28.8,27.7,26.6,25.6,24.7,23.8,22.9,22.1,21.3,20.5,19.8,19.1,18.4,17.8,17.1,16.6,
Heavily indebted poor countries (HIPC),HPC,"Mortality rate, under-5 (per 1,000 live births)",SH.DYN.MORT,,,,,,,,,,,,,,,,,,,,,,,,,,,,,,,181.561746,178.6571031,175.944928,173.3595726,172.3504217,166.4179795,162.8902183,159.1044243,155.0783885,149.9534015,144.6928195,139.1201175,133.3662199,127.6040262,121.9960632,116.6438813,111.6524053,106.9057624,102.5059501,98.31575897,95.0321817,90.89984684,87.49555711,84.20836036,81.23412017,78.48787482,75.74892602,73.39167823,71.06839255,68.92449804,66.83713898,64.86172563,
Croatia,HRV,"Mortality rate, under-5 (per 1,000 live births)",SH.DYN.MORT,,,,,,,,,,,,,,,,,,,,,,23.6,22.1,20.8,19.4,18.2,17,15.8,14.7,13.7,12.9,14,11.5,10.9,10.4,10,9.6,9.3,8.9,8.6,8.3,8,7.7,7.3,7,6.7,6.4,6.1,5.9,5.7,5.5,5.3,5.2,5.1,5,4.9,4.9,4.8,4.8,4.7,4.7,4.6,
Haiti,HTI,"Mortality rate, under-5 (per 1,000 live births)",SH.DYN.MORT,290.4,285.8,281.3,276.9,272.3,268,263.3,258.5,253.6,248.6,243.5,238.5,233.3,227.8,222.4,216.8,211.4,206.1,200.8,195.6,190.6,185.4,180.5,175.6,170.9,166.3,161.9,157.5,153.2,149,144.9,140.8,136.6,132.4,128.2,123.9,119.7,115.5,111.5,107.5,103.9,100.5,97.3,94.4,91.9,89.5,87.3,85.2,83.3,81.4,130.1,77.6,75.8,73.9,72,70.1,68.2,66.3,64.4,62.5,60.5,58.6,
Hungary,HUN,"Mortality rate, under-5 (per 1,000 live births)",SH.DYN.MORT,54.1,51.2,49.1,47.6,46.2,44.6,43.2,42,40.9,39.8,38.6,38,38.3,38.7,37.9,35.4,32.2,29.4,27,25.1,23.6,22.5,22.1,21.9,21.9,21.6,20.9,19.7,18.5,17.6,17.2,16.8,15.8,14.5,13.3,12.5,11.9,11.5,11.1,10.7,10.1,9.6,9,8.4,7.9,7.6,7.2,6.8,6.5,6.2,6,5.9,5.7,5.6,5.4,5.1,4.7,4.5,4.2,4.1,4,4,
IBRD only,IBD,"Mortality rate, under-5 (per 1,000 live births)",SH.DYN.MORT,,,,,,,,,,,,,,,,,,,,,,,,,,,,,,,77.78113813,77.33892554,75.81740951,73.97564973,72.01568595,70.01254648,67.92289153,65.77708414,63.54035104,61.19609675,58.57595198,56.39590011,53.90964753,51.42527594,49.21167151,46.37903882,43.94785519,41.54408427,39.20933405,37.05176808,35.04727023,33.16875308,31.03033124,29.59414484,27.78166531,26.66923193,25.29733068,24.01882776,23.48982017,22.57829199,22.01384705,21.35902436,
IDA & IBRD total,IBT,"Mortality rate, under-5 (per 1,000 live births)",SH.DYN.MORT,,,,,,,,,,,,,,,,,,,,,,,,,,,,,,,101.1196498,101.3462778,100.2312426,98.84523954,97.48715914,95.33717281,93.42367907,91.27623431,88.9311253,86.3636021,83.22510611,80.57746988,77.66488167,74.72255795,71.9098944,68.74263575,65.93698608,63.15527988,60.65617912,58.00478881,55.94045533,53.81296525,51.47118725,49.94317808,48.0984731,46.92310419,45.32553397,43.96596631,43.46836206,42.59397979,42.08930958,41.32163138,
IDA total,IDA,"Mortality rate, under-5 (per 1,000 live births)",SH.DYN.MORT,,,,,,,,,,,,,,,,,,,,,,,,,,,,,,,160.7011642,158.2867187,156.0004585,153.8769848,152.2446439,148.3003264,145.2818636,141.8188218,138.132779,133.89945,129.5122354,124.8370903,120.1919198,115.6772038,111.4056452,107.1401435,103.2096469,99.40127655,96.4946123,92.77716666,90.10047278,87.17572785,84.76848169,82.29646196,80.07533835,77.92729664,75.74882353,73.65558831,71.51225417,69.49964841,67.53236916,65.69729114,
IDA blend,IDB,"Mortality rate, under-5 (per 1,000 live births)",SH.DYN.MORT,,,,,,,,,,,,,,,,,,,,,,,,,,,,,,,153.4103662,152.6623614,151.9180815,151.3323121,150.1838149,148.6498572,146.534404,143.8948233,140.8352313,137.6221108,134.2127001,130.4881309,126.8243728,123.3698364,119.9142455,116.5585721,113.2894894,110.0839164,107.0452879,104.3332806,101.8945544,99.73441624,97.54327783,95.3564572,93.42144296,91.54763583,89.69087467,87.74903585,85.34745193,83.25018045,80.97058869,78.822395,
Indonesia,IDN,"Mortality rate, under-5 (per 1,000 live births)",SH.DYN.MORT,223.9,217.7,211.8,206,200.3,229,188.7,183,177.2,171.6,166,160.6,155.4,150.4,145.6,141,136.6,132.5,128.5,124.6,120.8,117.1,113.4,109.8,106.1,102.5,98.8,95.2,91.5,87.7,84,80.2,76.6,73,69.5,66.3,63.1,60.2,57.4,54.7,52.2,49.9,47.6,45.5,49.6,41.7,39.9,38.3,36.7,35.3,33.9,32.5,31.2,30,28.8,27.7,26.6,25.6,24.6,23.8,22.9,22.2,
IDA only,IDX,"Mortality rate, under-5 (per 1,000 live births)",SH.DYN.MORT,,,,,,,,,,,,,,,,,,,,,,,,,,,,,,,164.3364118,161.1161732,158.0639952,155.1512969,153.2768954,148.1259291,144.6561078,140.785804,136.784242,132.0327479,127.146792,121.9666934,116.8042291,111.7613997,107.0734572,102.3330534,98.05450322,93.87287612,90.97234936,86.68340743,83.84497193,80.4878321,77.96657327,75.37297504,73.04213903,70.80927728,68.49082004,66.35031337,64.3750277,62.45591099,60.66823282,59.03917317,
Isle of Man,IMN,"Mortality rate, under-5 (per 1,000 live births)",SH.DYN.MORT,,,,,,,,,,,,,,,,,,,,,,,,,,,,,,,,,,,,,,,,,,,,,,,,,,,,,,,,,,,,,,,
India,IND,"Mortality rate, under-5 (per 1,000 live births)",SH.DYN.MORT,242.8,239.3,236.1,233.2,230.4,227.8,225.3,222.7,220.2,217.5,214.5,211.4,208.1,204.4,200.3,195.9,190.9,185.6,180.1,174.5,169,163.8,159,154.5,150.3,146.2,142.2,138.2,134.2,130.3,126.5,122.9,119.5,116.2,112.8,109.4,106,102.5,98.9,95.3,91.6,88,84.5,81.1,77.7,74.4,71.1,67.8,64.5,61.3,58.1,55,52,49.1,46.2,43.6,41,38.7,36.4,34.3,32.4,30.6,
Not classified,INX,"Mortality rate, under-5 (per 1,000 live births)",SH.DYN.MORT,,,,,,,,,,,,,,,,,,,,,,,,,,,,,,,,,,,,,,,,,,,,,,,,,,,,,,,,,,,,,,,
Ireland,IRL,"Mortality rate, under-5 (per 1,000 live births)",SH.DYN.MORT,35.3,33.8,32.5,31.3,30,28.6,27.1,25.5,24.1,23,22.2,21.7,21.4,21.1,20.6,20,19.1,18,16.8,15.6,14.3,13.2,12.4,11.7,11.1,10.7,10.4,10.1,9.9,9.6,9.1,8.6,8.1,7.7,7.4,7.3,7.3,7.3,7.3,7.3,7.1,6.9,6.5,6,5.6,5.2,4.9,4.6,4.4,4.3,4.2,4.1,4,3.9,3.8,3.7,3.6,3.5,3.4,3.3,3.2,3.1,
"Iran, Islamic Rep.",IRN,"Mortality rate, under-5 (per 1,000 live births)",SH.DYN.MORT,,,,,,,,,,,,188.8,179.7,171,162.3,153.5,144.3,135,125.8,116.7,107.9,99.8,92.5,86.3,80.8,76,71.7,67.7,63.9,60.5,57.3,54.5,51.9,49.7,47.7,45.7,43.8,41.9,40,38.1,36.1,34.1,32,30,28.1,26.3,24.7,23.1,21.7,20.4,19.3,18.4,17.5,16.8,16.1,15.5,15,14.5,14,13.5,13,12.6,
Iraq,IRQ,"Mortality rate, under-5 (per 1,000 live births)",SH.DYN.MORT,190.6,179.9,169.8,160.6,152.1,144.3,137.2,130.4,124.3,118.6,113.1,108,103.2,98.6,94.2,90,86,82.3,78.9,75.7,72.7,70,67.5,65.2,63.1,61.2,59.4,57.8,56.4,55.1,54,52.9,51.9,51,50,49.1,48.2,47.2,46.3,45.4,44.4,43.5,42.7,41.8,40.9,40,39,38.1,37,36,34.9,33.8,32.8,31.7,30.8,29.8,28.8,27.9,27,26.2,25.4,24.5,
Iceland,ISL,"Mortality rate, under-5 (per 1,000 live births)",SH.DYN.MORT,21.5,21.1,20.7,20.3,19.8,19.2,18.5,17.9,17.2,16.6,16,15.4,14.8,14.2,13.5,12.9,12.2,11.5,10.9,10.3,9.7,9.1,8.7,8.2,7.9,7.6,7.3,7,6.8,6.6,6.4,6.2,6,5.8,5.5,5.3,5.1,4.8,4.5,4.3,4,3.8,3.6,3.4,3.2,3.1,3,2.9,2.8,2.7,2.7,2.6,2.6,2.6,2.6,2.6,2.7,2.7,2.7,2.7,2.7,2.6,
Israel,ISR,"Mortality rate, under-5 (per 1,000 live births)",SH.DYN.MORT,42,39.6,37.3,35.4,33.6,32.2,31.2,30.3,29.6,29.1,28.6,28.1,27.7,27.2,26.5,25.3,23.7,21.9,20.3,19.1,18.1,17.3,16.6,15.9,15.2,14.4,13.7,13,12.5,12.1,11.6,11.1,10.5,9.9,9.2,8.6,8.2,7.8,7.4,7.2,6.9,6.6,6.4,6.1,5.8,5.6,5.3,5.1,4.9,4.7,4.6,4.4,4.3,4.1,4,3.9,3.8,3.8,3.7,3.5,3.4,3.4,
Italy,ITA,"Mortality rate, under-5 (per 1,000 live births)",SH.DYN.MORT,52,49.9,47.6,45.3,43.1,41.1,39.3,37.8,36.4,35.1,33.6,31.9,29.8,27.6,25.3,23.1,21.1,19.5,18.1,17,16.1,15.2,14.3,13.5,12.7,12,11.3,10.8,10.4,10,9.7,9.3,8.9,8.5,8,7.5,7,6.6,6.2,5.9,5.6,5.3,5.1,4.8,4.6,4.5,4.3,4.2,4.1,4.1,4,3.9,3.8,3.7,3.6,3.5,3.4,3.3,3.2,3,2.8,2.6,
Jamaica,JAM,"Mortality rate, under-5 (per 1,000 live births)",SH.DYN.MORT,82.2,78.8,75.5,72.6,69.8,67.2,64.8,62.5,60.2,58,55.9,53.7,51.6,49.7,47.8,46,44.4,42.8,41.3,39.9,38.5,37.2,36,34.8,33.7,32.6,31.6,30.6,29.7,28.8,28,27.2,26.5,25.7,25,24.2,23.5,22.8,22.2,21.5,20.9,20.4,20,19.6,19.2,18.9,18.7,18.4,18.1,17.7,17.3,16.8,16.3,15.9,15.4,15,14.6,14.1,13.7,13.2,12.8,12.4,
Jordan,JOR,"Mortality rate, under-5 (per 1,000 live births)",SH.DYN.MORT,155.2,146.3,138,130.1,122.9,116.3,110.2,104.4,99.1,94.2,89.5,85.1,81,77.2,73.5,70,66.7,63.5,60.6,57.9,55.2,52.7,50.3,48.1,45.9,43.9,42,40.3,38.7,37.3,36,34.8,33.7,32.6,31.7,30.8,30,29.1,28.4,27.6,26.8,26.1,25.4,24.6,23.9,23.2,22.6,21.9,21.3,20.7,20.1,19.6,19,18.5,18,17.5,17,16.5,16,15.5,15,14.6,
Japan,JPN,"Mortality rate, under-5 (per 1,000 live births)",SH.DYN.MORT,39.7,36.2,32.9,29.8,27,24.6,22.7,21,19.6,18.5,17.5,16.5,15.7,14.8,14,13.3,12.5,11.8,11.1,10.5,9.9,9.3,8.8,8.3,7.9,7.5,7.1,6.8,6.6,6.5,6.3,6.2,6.1,6,5.9,5.7,5.5,5.2,5,4.7,4.5,4.3,4.1,4,3.9,3.7,3.6,3.5,3.4,3.3,3.2,3.2,3,2.9,2.8,2.8,2.7,2.6,2.5,2.5,2.4,2.3,
Kazakhstan,KAZ,"Mortality rate, under-5 (per 1,000 live births)",SH.DYN.MORT,,,,,,,,,,,,85.2,83.2,81.2,79.4,77.9,76.6,75.3,73.9,72.4,70.6,68.5,66.3,64,61.8,59.6,57.6,55.8,54.1,52.6,51.7,51.5,51.8,52.3,52.9,52.7,51.7,50,47.8,45.3,42.6,40,37.5,35.2,33.2,31.1,29,26.9,24.7,22.5,20.4,18.3,16.3,14.6,13,11.9,11,10.5,10.3,10.2,10.2,10.3,
Kenya,KEN,"Mortality rate, under-5 (per 1,000 live births)",SH.DYN.MORT,197.2,189.1,182.1,176.2,171.1,166.9,163.3,160.1,157,153.8,150.5,147,143.3,139.5,135.6,131.4,127.1,122.8,118.5,114.4,110.7,107.1,104,101.2,99.1,97.5,96.6,96.7,97.6,99.4,102,104.9,107.6,109.7,110.8,110.9,110,108.4,105.9,102.7,98.8,94.5,89.9,85.3,80.8,76,71.6,67.6,62.7,58.7,56.1,53.9,52.2,50.1,48.1,45.9,43.8,42.4,40.8,39.4,38.6,37.2,
Kyrgyz Republic,KGZ,"Mortality rate, under-5 (per 1,000 live births)",SH.DYN.MORT,,,,,,,,,,,,,,,,112.6,110.5,108.4,106,103.4,100.1,96.6,92.7,88.5,84.3,79.9,75.6,71.8,68.4,65.9,64.6,64.4,64.8,65,64.5,63.2,61,58.2,55.4,52.6,49.9,47.3,45,42.9,41,39.3,37.6,35.8,33.8,31.7,29.6,27.7,26.1,24.7,23.4,22.3,21.1,20,19,18.3,17.8,17.4,
Cambodia,KHM,"Mortality rate, under-5 (per 1,000 live births)",SH.DYN.MORT,,,,,,,,,,,,,,,,311.4,286.3,261.4,234.2,206.3,180.5,158,140.9,129.8,123.3,119.8,117.6,116.7,116.3,116.3,116.3,116.2,116.5,117.3,118.4,119.5,120.1,119.5,117.6,113.3,106.3,96.9,86.9,78.2,70.8,64.8,59.8,55.3,51.4,47.5,43.9,40.6,37.8,35.3,33.4,31.7,30.3,28.9,27.8,26.8,25.8,24.8,
Kiribati,KIR,"Mortality rate, under-5 (per 1,000 live births)",SH.DYN.MORT,199.2,194.3,188.7,182.8,176.4,170,163.6,157.3,151.5,145.9,140.8,136.2,132.2,129.1,126.7,125,123.7,122.7,121.7,120.5,119,117.4,115.6,113.5,111.2,108.6,105.7,102.5,99,95.3,91.6,88,84.7,81.8,79.2,77,75,73.1,71.4,69.6,67.9,66.4,65.3,64.6,64.3,64.5,64.8,65.2,65.4,65.1,64.5,63.3,62.1,60.7,59.1,57.5,56.1,54.4,52.9,51.4,49.8,48.2,
St. Kitts and Nevis,KNA,"Mortality rate, under-5 (per 1,000 live births)",SH.DYN.MORT,,,,,,,,,,,,71.5,68.6,65.9,63.4,61.1,59,57,54.9,52.7,50.3,47.7,45,42.3,39.8,37.5,35.5,33.8,32.4,31.3,30.4,29.7,29.2,28.8,28.4,27.9,27.3,26.7,25.8,24.9,23.8,22.7,21.6,20.7,19.8,19.1,18.5,18.1,17.8,17.6,17.5,17.4,17.4,17.3,17.2,16.9,16.6,16.3,15.9,15.4,15,14.6,
"Korea, Rep.",KOR,"Mortality rate, under-5 (per 1,000 live births)",SH.DYN.MORT,111.9,106.5,101.8,96.9,92,86.9,81.7,76.4,71.1,66,61.3,57.1,53.6,50.6,48.1,45.9,44.1,42.2,40.3,38.3,36.2,33.9,31.6,29.2,26.9,24.6,22.4,20.4,18.6,17,15.6,14.4,13.3,12.2,11.3,10.5,9.7,9.1,8.5,8,7.5,7.1,6.8,6.4,6,5.6,5.2,4.8,4.5,4.3,4.1,4,3.8,3.7,3.6,3.5,3.4,3.3,3.2,3.1,3,2.9,
Kuwait,KWT,"Mortality rate, under-5 (per 1,000 live births)",SH.DYN.MORT,141.9,132.4,123.2,114.6,106.5,98.9,91.9,85.7,80,74.9,70.2,65.9,61.9,58.2,54.6,51.2,47.9,44.8,41.8,38.9,36,33,30,27.3,24.9,23,21.5,20.2,18.9,17.5,18,15.4,14.8,14.5,14.4,14.3,14.1,13.8,13.5,13.1,12.8,12.5,12.3,12.2,12,11.8,11.6,11.4,11.2,11,10.7,10.3,10,9.6,9.3,9.1,9,8.9,8.8,8.8,8.8,8.7,
Latin America & Caribbean (excluding high income),LAC,"Mortality rate, under-5 (per 1,000 live births)",SH.DYN.MORT,,,,,,,,,,,,,,,,,,,,,,,,,,,,,,,57.60615627,55.10506535,52.57203214,50.03478923,47.48859359,45.06620923,42.72584327,40.46673152,38.91288523,36.31460847,34.52223307,32.78293703,31.16168632,29.66207788,28.26949776,26.99079872,25.83540093,24.74235186,23.7382152,22.83531533,23.38650639,21.18284564,20.45335159,19.79163643,19.21539419,18.63345788,18.51797506,17.70269746,17.22476379,16.74485274,16.27431706,15.78411917,
Lao PDR,LAO,"Mortality rate, under-5 (per 1,000 live births)",SH.DYN.MORT,,,,,,,,,,,,,,,,,,,218.2,211.9,206.1,200.4,194.9,189.7,184.6,179.6,174.5,169.5,164.4,159.2,154.1,148.9,143.8,138.6,133.7,128.9,124.3,119.9,115.6,111.4,107.3,103.1,99,94.9,90.8,86.8,82.9,79,75.3,71.7,68.3,65,62,59,56.2,53.7,51.5,49.4,47.5,45.8,44.1,42.5,
Lebanon,LBN,"Mortality rate, under-5 (per 1,000 live births)",SH.DYN.MORT,75.3,72.8,70.5,68.4,66.5,64.9,63.6,62.6,61.7,61.1,60.5,60.1,59.7,59.2,58.6,57.7,56.7,55.5,54.1,52.6,51,49.3,47.4,45.4,43.4,41.4,39.4,37.4,35.6,33.9,32.2,30.7,29.3,28,26.7,25.5,24.4,23.3,22.2,21.2,20.1,19,17.9,16.8,15.8,14.8,13.9,13.1,12.4,11.8,11.2,10.8,10.3,10,9.7,9.4,9.2,9,8.8,8.7,8.5,8.2,
Liberia,LBR,"Mortality rate, under-5 (per 1,000 live births)",SH.DYN.MORT,312.8,313.6,313.3,312.4,310.7,308.3,305.4,301.5,297.2,292.1,287.2,282.3,277.6,272.9,267.9,263.1,258.7,254.4,250.5,247,243.8,241,238.9,237.7,237.9,239.7,243.2,248.3,254,259.5,263.6,265.7,265,261.5,255.4,247.2,237.4,226.3,214.5,202,189.2,176.1,163.3,151,139.7,129.6,121,114,108.2,103.6,99.9,96.8,94.2,92,92.2,88.3,86.3,84.5,82.6,80.6,78.3,76,
Libya,LBY,"Mortality rate, under-5 (per 1,000 live births)",SH.DYN.MORT,277.1,259.3,242.5,226.5,211.4,196.9,183.2,170.4,158.1,146.7,136,126.1,117.1,108.9,101.6,94.9,89,83.8,79.1,74.8,71,67.4,64,60.8,57.7,54.8,51.9,49.2,46.6,44.1,41.8,39.7,37.7,36,34.5,33.1,31.9,30.8,29.8,29,28.1,27.3,26.5,25.5,24.4,23.1,21.7,20.2,18.8,17.6,16.6,19.5,15,14.4,13.8,13.3,12.8,12.3,11.9,11.5,11.1,10.8,
St. Lucia,LCA,"Mortality rate, under-5 (per 1,000 live births)",SH.DYN.MORT,164.1,156.1,147,137.4,127.4,117.4,107.7,98.4,89.6,81.5,74,67.3,61.3,55.9,51.1,46.9,43.3,40.1,37.3,34.8,32.7,30.9,29.3,28,26.8,25.7,24.8,23.9,23.2,22.5,21.9,21.3,20.8,20.3,19.9,19.6,19.2,19,18.7,18.5,18.4,18.3,18.3,18.3,18.4,18.5,18.6,18.9,19.1,19.4,19.7,20.1,20.5,21,21.4,21.9,22.5,23,23.6,24.1,24.5,24.8,
Latin America & Caribbean,LCN,"Mortality rate, under-5 (per 1,000 live births)",SH.DYN.MORT,,,,,,,,,,,,,,,,,,,,,,,,,,,,,,,54.9,52.5,50.1,47.8,45.4,43.1,40.9,38.8,37.4,34.9,33.2,31.6,30,28.6,27.3,26.1,24.9,23.9,23,22.1,22.7,20.6,20,19.4,18.8,18.4,18.5,17.8,17.3,16.8,16.4,15.9,
Least developed countries: UN classification,LDC,"Mortality rate, under-5 (per 1,000 live births)",SH.DYN.MORT,,,,,,,,,,,,,,,,,,,,,,,,,,,,,,,175.4598092,172.0390503,168.7382293,165.5002611,163.4425729,157.8488215,154.1036625,149.9142081,145.43354,140.6229269,135.4650016,130.0461168,124.538405,119.0926914,113.839085,108.9141647,104.2458653,99.7434436,96.63705731,91.73705942,88.6954599,84.94348054,81.78698956,78.71415296,76.03857085,73.62715474,71.09475896,68.95074081,66.8532154,64.86136285,62.97035948,61.25141045,
Low income,LIC,"Mortality rate, under-5 (per 1,000 live births)",SH.DYN.MORT,,,,,,,,,,,,,,,,,,,,,,,,,,,,,,,185.4,182.3,179.4,176.6,176,169,164.9,160.8,156.4,151.4,146,140.2,134.3,128.5,122.7,117.2,112.2,107.2,102.6,98.4,94.8,91.5,88.7,85.9,83.4,80.8,78.2,75.7,73.6,71.4,69.2,67.4,
Liechtenstein,LIE,"Mortality rate, under-5 (per 1,000 live births)",SH.DYN.MORT,,,,,,,,,,,,,,,,,,,,,,,,,,,,,,,,,,,,,,,,,,,,,,,,,,,,,,,,,,,,,,,
Sri Lanka,LKA,"Mortality rate, under-5 (per 1,000 live births)",SH.DYN.MORT,93.9,89.7,86.9,84.8,82.9,80.8,78.2,75.5,73.1,71.4,70.1,69.3,68.5,67.5,66.1,64,61.1,57.7,53.8,49.9,46.2,43,40,36.8,33.4,30.2,27.4,25.2,23.8,27.1,22.8,22.5,22,21.4,20.7,19.9,19.2,18.5,17.8,17.1,16.5,16,15.6,15.1,28.9,14.1,13.4,12.6,12,20.9,11.2,10.8,10.4,9.9,9.3,8.8,8.3,7.9,7.6,7.3,7,6.7,
Lower middle income,LMC,"Mortality rate, under-5 (per 1,000 live births)",SH.DYN.MORT,,,,,,,,,,,,,,,,,,,,,,,,,,,,,,,119.9,117.1,114.5,112.1,109.8,107.5,104.9,102.1,99.2,96,92.8,89.5,86.3,83.1,80.5,77,74.2,71.3,69,66,63.7,61.2,58.9,56.7,54.7,52.8,51.1,49.5,47.9,46.5,45.1,43.7,
Low & middle income,LMY,"Mortality rate, under-5 (per 1,000 live births)",SH.DYN.MORT,,,,,,,,,,,,,,,,,,,,,,,,,,,,,,,101.9211624,102.1937191,101.0781616,99.69381448,98.34794041,96.1682824,94.25604715,92.08565462,89.70508956,87.09284136,83.90667094,81.21331907,78.2517605,75.27427932,72.43618621,69.25607326,66.43956731,63.64287961,61.1331091,58.45524084,56.36819905,54.19808961,51.82604179,50.27156294,48.41225687,47.21542426,45.58310018,44.21430022,43.70707838,42.81498724,42.3028727,41.52577389,
Lesotho,LSO,"Mortality rate, under-5 (per 1,000 live births)",SH.DYN.MORT,185.9,185.3,185.7,186.8,187.9,188.6,188.6,187.5,185.2,182.2,178.7,174.8,170.7,166.4,161.7,156.2,150,143.5,136.9,130.3,123.7,117.5,111.6,106.2,101.5,97.4,93.8,90.7,88.1,86,84.5,83.8,84.1,85.7,88.6,92.2,95.9,99.2,102.3,105,107.5,109.6,111.6,113.4,115,116.5,116.8,113.7,111.3,101.6,93,89.4,86.9,85.1,84,82.5,77.8,75.5,76.4,77.2,75.5,72.9,
Late-demographic dividend,LTE,"Mortality rate, under-5 (per 1,000 live births)",SH.DYN.MORT,,,,,,,,,,,,,,,,,,,,,,,,,,,,,,,50.51267809,49.31114202,48.08594833,46.73234819,45.12505316,43.45609347,41.60277844,39.70818099,37.7483641,35.67874657,33.59140799,31.25512639,29.05129901,26.91008961,25.06852008,23.07991111,21.45802795,19.92356976,18.58891384,17.53476301,16.34792503,15.40048092,14.45521015,13.67653935,12.89700327,12.21810273,11.58594575,10.90992156,10.6009357,10.18308737,9.913897204,9.640481401,
Lithuania,LTU,"Mortality rate, under-5 (per 1,000 live births)",SH.DYN.MORT,,,,,,,,27.2,26.3,24.9,23.1,21.4,20.8,21.3,22.3,22.8,22.7,22.2,21.7,21.1,20.5,19.8,19.2,18.8,18.2,17.4,16.4,15.2,14.3,14.1,15,16.7,18,18,16.8,15.1,13.5,12.3,11.6,11.2,10.7,10.3,9.9,9.6,9.3,9,8.6,8,7.4,6.7,6,5.5,5.2,5.1,5,4.9,4.7,4.4,4.1,3.8,3.5,3.3,
Luxembourg,LUX,"Mortality rate, under-5 (per 1,000 live births)",SH.DYN.MORT,37.7,35.7,33.8,32,30.3,28.8,27.4,26.1,24.8,23.6,22.3,21.1,19.9,18.7,17.7,16.7,15.8,15,14.4,13.8,13.3,12.9,12.5,12.1,11.6,11.2,10.8,10.3,9.8,9.4,8.8,8.3,7.8,7.3,6.8,6.3,5.9,5.5,5.2,4.8,4.5,4.3,4,3.8,3.5,3.4,3.2,3.1,3,2.9,2.8,2.8,2.8,2.8,2.8,2.8,2.8,2.8,2.8,2.8,2.8,2.7,
Latvia,LVA,"Mortality rate, under-5 (per 1,000 live births)",SH.DYN.MORT,,,,,,,,,,,,,,,,,,,,20.7,20.7,20.6,20.3,19.6,18.6,17.5,16.3,15.6,15.4,15.8,16.9,18.3,19.5,20,20,19.7,19,18,16.6,15.3,14.2,13.4,12.6,11.9,11.1,10.5,9.9,9.3,8.8,8.3,7.8,7.2,6.6,6.1,5.5,5.1,4.7,4.4,4.2,4,3.8,3.7,
"Macao SAR, China",MAC,"Mortality rate, under-5 (per 1,000 live births)",SH.DYN.MORT,,,,,,,,,,,,,,,,,,,,,,,,,,,,,,,,,,,,,,,,,,,,,,,,,,,,,,,,,,,,,,,
St. Martin (French part),MAF,"Mortality rate, under-5 (per 1,000 live births)",SH.DYN.MORT,,,,,,,,,,,,,,,,,,,,,,,,,,,,,,,,,,,,,,,,,,,,,,,,,,,,,,,,,,,,,,,
Morocco,MAR,"Mortality rate, under-5 (per 1,000 live births)",SH.DYN.MORT,241.7,236.9,232.1,226.9,221.7,216.2,210.7,205,199.7,194.7,190.1,185.9,181.8,177.7,173.1,167.8,161.8,155.3,148.4,141.3,134.5,127.7,121.1,114.8,108.8,103.2,97.9,93,88.6,84.5,80.8,77.3,74.1,70.9,67.9,65,62.2,59.5,57,54.6,52.4,50.2,48,45.9,43.7,41.5,39.3,37.2,35.1,33.1,31.3,29.5,27.9,26.4,24.9,23.6,22.4,21.3,20.4,19.5,18.7,18,
Monaco,MCO,"Mortality rate, under-5 (per 1,000 live births)",SH.DYN.MORT,,,,,,,,,,,,,,,,,,,,,,,,,,9.7,9.3,8.9,8.5,8.1,7.8,7.4,7.1,6.8,6.5,6.2,6,5.8,5.5,5.3,5.2,5,4.8,4.7,4.6,4.5,4.4,4.3,4.2,4.1,4,3.9,3.8,3.7,3.6,3.5,3.4,3.3,3.2,3.1,3,2.9,
Moldova,MDA,"Mortality rate, under-5 (per 1,000 live births)",SH.DYN.MORT,,,,,,,,,,,,64.5,62.7,60.8,59.1,57.3,55.7,54.1,52.6,51.2,49.9,48.5,46.7,44.7,42.5,40.4,38.4,36.4,34.9,33.8,33.4,33.7,34.7,36.2,37.6,38.6,38.8,38.2,36.7,34.3,31.5,28.4,25.6,23.1,21.2,19.8,18.8,18.2,17.7,17.3,17.1,16.8,16.6,16.3,16,15.8,15.5,15.3,15,14.7,14.5,14.2,
Madagascar,MDG,"Mortality rate, under-5 (per 1,000 live births)",SH.DYN.MORT,,,,,,,,,145.9,147.7,149.5,151.4,153.5,155.8,158.3,160.8,163.1,165.1,167.1,169.3,171.8,174.3,176.4,177.9,178.3,177.4,175.2,171.5,166.7,161.4,156,150.7,145.7,140.9,136.1,131.1,126,120.8,115.4,110.2,105.3,100.6,96.3,92.2,88.3,84.7,81.3,78.2,75.4,72.9,70.9,69.2,68,67,66.4,66,65.8,65.7,65.8,66.1,66.1,66,
Maldives,MDV,"Mortality rate, under-5 (per 1,000 live births)",SH.DYN.MORT,,,335.5,326.2,316.9,307.3,298.1,288.1,278.7,269.1,259.1,248.4,237.2,225.5,213.4,201.3,189.9,179.1,169,159.4,150.4,142,134.2,126.9,120,113.4,107.3,101.4,95.9,90.6,85.7,80.9,76.2,71.6,66.9,62.2,57.6,53,48.2,43.6,39.1,34.7,30.7,27.2,26.9,21.5,19.3,17.6,16.1,14.9,13.9,12.9,12.1,11.3,10.5,9.8,9,8.3,7.6,7,6.4,6,
Middle East & North Africa,MEA,"Mortality rate, under-5 (per 1,000 live births)",SH.DYN.MORT,,,,,,,,,,,,,,,,,,,,,,,,,,,,,,,66.2,63.6,61.2,58.9,56.7,54.5,52.1,49.9,47.8,45.7,43.6,41.5,39.6,37.8,36.1,34.5,32.9,31.3,29.8,28.6,27.6,26.9,27.2,26.8,26.1,25.2,24.5,23.3,23.1,22.7,22.1,22,
Mexico,MEX,"Mortality rate, under-5 (per 1,000 live births)",SH.DYN.MORT,155.2,148.8,143,137.4,132.4,127.5,123,118.7,114.6,110.6,106.6,102.8,99.1,95.4,91.8,88.3,84.8,81.4,78.1,74.8,71.6,68.4,65.4,62.5,59.7,57.1,54.5,52.1,49.7,47.5,45.4,43.3,41.3,39.4,37.5,35.8,34.1,32.5,31,29.6,28.3,27,25.9,24.8,23.8,22.9,22.1,21.3,20.5,19.8,19.2,18.5,17.9,17.3,16.8,16.2,15.7,15.2,14.7,14.2,13.7,13.2,
Marshall Islands,MHL,"Mortality rate, under-5 (per 1,000 live births)",SH.DYN.MORT,121.3,115.5,110,105,100.3,96.2,92.3,88.6,85,81.6,78.5,75.5,73,71.1,69.4,68.3,67.4,66.7,65.8,64.9,63.9,62.7,61.3,59.8,58.1,56.4,54.7,52.9,51.1,49.3,47.5,45.7,44.1,42.8,41.8,41.2,41.1,41.2,41.6,41.9,42.1,42.1,42,41.8,41.4,41.1,40.7,40.3,39.9,39.6,39.1,38.7,38,37.3,36.4,35.5,34.6,33.6,32.7,31.8,30.7,29.7,
Middle income,MIC,"Mortality rate, under-5 (per 1,000 live births)",SH.DYN.MORT,,,,,,,,,,,,,,,,,,,,,,,,,,,,,,,91.80261388,91.80769055,90.52982489,88.92364366,87.21418211,85.32348454,83.35719873,81.21085827,78.96517471,76.48936919,73.59835063,71.22284344,68.56438559,65.88137634,63.41698988,60.48064886,57.92422344,55.42757514,53.25572217,50.74443144,48.83073663,46.79325986,44.50225695,43.0509917,41.24070728,40.1320217,38.63874735,37.36308615,36.89543206,36.04245181,35.58665001,34.84514122,
North Macedonia,MKD,"Mortality rate, under-5 (per 1,000 live births)",SH.DYN.MORT,,,,,,,,,,,,,,,,,,,,,,58,55.4,52.5,50.6,50,49.2,46.9,43.5,40,36.9,34.6,33,31.5,28.5,24.5,21.1,19.2,18.3,17.4,16,14.8,14.3,14.4,14.3,13.7,13,12.3,11.7,11,10.4,10,10.1,10.6,11.2,11.4,10.9,9.6,8.1,6.8,5.9,5.3,
Mali,MLI,"Mortality rate, under-5 (per 1,000 live births)",SH.DYN.MORT,,,,425.4,417.9,410.8,404,397.1,390.7,384.4,378.3,372,365.6,358.5,350.9,342.9,334.5,326.2,317.7,309.2,301,292.8,284.6,276.7,268.8,261.4,254.3,247.9,241.9,236.4,231.4,226.9,222.9,219.2,215.6,212,208.2,203.8,199,193.5,187.7,181.5,175.3,169.2,163.3,157.8,152.5,147.6,142.9,138.4,134.1,130,126.1,122.5,119,115.6,112.4,109.3,106.2,103.1,100.1,97.1,
Malta,MLT,"Mortality rate, under-5 (per 1,000 live births)",SH.DYN.MORT,40.3,38.2,36.7,35.7,34.8,33.9,32.9,31.8,30.5,29.2,27.9,26.5,25.2,23.9,22.6,21.4,20.3,19.2,18.3,17.6,16.9,16.2,15.7,15.1,14.5,13.9,13.3,12.8,12.3,11.8,11.4,11,10.6,10.2,9.8,9.4,9,8.6,8.2,7.9,7.6,7.4,7.2,7,7,6.9,6.9,6.8,6.8,6.8,6.8,6.8,6.8,6.7,6.7,6.6,6.5,6.4,6.3,6.1,6,5.8,
Myanmar,MMR,"Mortality rate, under-5 (per 1,000 live births)",SH.DYN.MORT,,,,,,,,,182,178.7,175.2,171.8,168.4,164.8,161.2,157.6,154.1,150.6,147.2,144,141,138.1,135.3,132.7,130.2,127.8,125.3,122.9,120.4,117.8,115.3,112.7,110.1,107.4,104.7,102,99.3,96.7,94.1,91.7,89.3,86.9,84.5,82,79.5,76.9,74.3,71.6,98.7,66.1,63.4,60.8,58.2,55.9,53.8,51.8,49.9,48.1,46.4,44.8,43.2,41.8,
Middle East & North Africa (excluding high income),MNA,"Mortality rate, under-5 (per 1,000 live births)",SH.DYN.MORT,,,,,,,,,,,,,,,,,,,,,,,,,,,,,,,69.53356514,66.89930094,64.57487396,62.28295018,60.17998654,58.03989431,55.69571637,53.53769893,51.30041794,49.08764398,46.8391131,44.57846273,42.51798129,40.62538222,38.76187391,36.99329516,35.32503125,33.60274586,32.04450443,30.81432969,29.72739625,28.99912786,29.24892672,28.85170648,28.01722587,27.13319623,26.45299351,25.27913807,25.04458941,24.73334992,24.11609413,23.90831726,
Montenegro,MNE,"Mortality rate, under-5 (per 1,000 live births)",SH.DYN.MORT,,,,,,,,,,,,,,,,,,,,,,,,,27.3,24.8,22.6,20.5,18.8,17.5,16.5,15.8,15.4,15.2,15.1,15.1,15.1,15,14.9,14.6,14.2,13.6,12.9,12.2,11.4,10.5,9.7,8.9,8.1,7.4,6.7,6.1,5.5,5,4.5,4.1,3.7,3.3,3,2.7,2.5,2.3,
Mongolia,MNG,"Mortality rate, under-5 (per 1,000 live births)",SH.DYN.MORT,,,,,,,,,,,,,,,,,,,175.7,169.2,162.9,157.1,151.5,145.9,140.5,134.8,129,123.3,117.7,112.3,107.4,102.9,98.7,94.7,90.9,86.9,82.7,78.2,73.5,68.6,63.6,58.6,53.8,49.2,44.9,41,37.4,34.1,31.2,28.6,26.3,24.4,22.8,21.5,20.4,19.4,18.5,17.6,16.8,16,15.4,14.7,
Northern Mariana Islands,MNP,"Mortality rate, under-5 (per 1,000 live births)",SH.DYN.MORT,,,,,,,,,,,,,,,,,,,,,,,,,,,,,,,,,,,,,,,,,,,,,,,,,,,,,,,,,,,,,,,
Mozambique,MOZ,"Mortality rate, under-5 (per 1,000 live births)",SH.DYN.MORT,,,,268.8,270.2,271.6,273.2,274.5,274.8,275.1,275.2,274.7,274,272.9,272,270.7,269.6,268.6,268.3,267.8,268.2,268.3,267.6,266.3,264,260.9,257.7,254.5,251.5,248.7,245.7,242.1,238.4,233.7,227.8,220.4,211.8,201.9,191.3,180.8,170.7,161.3,153,145.4,138.6,132.3,126.5,119.3,113.2,107.5,104.8,100.6,96.4,92.1,88.3,84,80.8,78.4,76.3,73.5,71.6,69.6,
Mauritania,MRT,"Mortality rate, under-5 (per 1,000 live births)",SH.DYN.MORT,252.7,246,239.4,232.8,226.3,219.6,212.7,205.7,199.3,194.2,190.9,189.3,189,189.3,189.2,187.7,185,181,176.3,171.1,166.3,161.5,156.8,151.8,146.1,139.6,133.3,127.7,123,119.5,117.2,115.5,114.3,113.4,112.5,111.6,110.3,108.6,106.1,102.9,98.8,94,88.7,83.1,77.7,72.5,68,64.2,61.2,58.6,56.7,54.9,53.4,51.9,50.5,48.9,47.4,46,44.6,43.2,41.8,40.5,
Mauritius,MUS,"Mortality rate, under-5 (per 1,000 live births)",SH.DYN.MORT,105.7,99.3,91.8,85.9,84.2,87.2,91.9,94.5,93.7,89.5,83.4,78.9,78,78.2,74.6,65.9,56.6,49.8,45.6,42.9,41,38.4,34.5,30.7,28.6,28.7,29.2,28.7,27,24.9,23.1,21.8,21.2,21.1,21.6,22.3,22.7,22.6,21.7,20.4,18.8,17.5,16.6,16,15.8,15.6,15.5,15.2,14.8,14.6,14.6,14.8,14.9,14.9,14.8,14.6,14.6,14.9,15.4,15.9,16.3,16.6,
Malawi,MWI,"Mortality rate, under-5 (per 1,000 live births)",SH.DYN.MORT,,361.5,360.6,359.1,357.4,355.8,354.5,352.7,350.5,347.9,344.4,339.6,333.2,325.4,316.6,307.2,297.5,287.7,277.1,266.8,258.3,251.2,246.9,246.5,249.1,252.9,256,257.2,255.4,251,244.9,237.9,230,222.2,215.7,210,205,199.9,193.8,185.4,174.2,160.4,145.7,131.8,119.7,110.4,103.9,99.1,93.4,88.1,83,76.9,70.5,64.5,59.8,56.6,53.5,50.7,47.8,45.6,43.5,41.9,
Malaysia,MYS,"Mortality rate, under-5 (per 1,000 live births)",SH.DYN.MORT,94.2,88,82.2,77.1,72.6,68.6,65.2,62.4,59.9,57.6,55.4,53,50.5,47.8,45,42.2,39.6,37.1,34.6,32.4,30.2,28.2,26.3,24.7,23.1,21.7,20.5,19.3,18.3,17.4,16.6,15.8,15.1,14.4,13.8,13.3,12.9,12.4,11.7,11,10.2,9.5,8.9,8.5,8.3,8.2,8.1,8.1,8.1,8.1,8.1,8.1,8.1,8.1,8.1,8.2,8.2,8.1,8,7.9,7.7,7.6,
North America,NAC,"Mortality rate, under-5 (per 1,000 live births)",SH.DYN.MORT,,,,,,,,,,,,,,,,,,,,,,,,,,,,,,,10.9,10.6,10.2,9.9,9.6,9.2,9,8.7,8.6,8.4,8.3,8.2,8.1,8,7.9,7.8,7.7,7.6,7.5,7.3,7.2,7.1,7,6.8,6.8,6.7,6.6,6.5,6.4,6.3,6.2,6.1,
Namibia,NAM,"Mortality rate, under-5 (per 1,000 live births)",SH.DYN.MORT,,,,,,,,95.2,95.5,95.9,96.4,97,97.6,98.2,99,99.8,100.7,101.4,101.9,102,101.3,99.7,97.5,94.6,91.2,87.5,83.9,80.6,77.6,75,72.8,71,69.9,69.6,70.2,71.7,73.9,75.9,77.2,77.5,77,76,74.8,74,73.8,70.3,65.3,61,55.4,52.1,49.4,49.2,50.3,48.1,45.5,46.2,45.5,44.4,43.6,41.9,40.3,39,
New Caledonia,NCL,"Mortality rate, under-5 (per 1,000 live births)",SH.DYN.MORT,,,,,,,,,,,,,,,,,,,,,,,,,,,,,,,,,,,,,,,,,,,,,,,,,,,,,,,,,,,,,,,
Niger,NER,"Mortality rate, under-5 (per 1,000 live births)",SH.DYN.MORT,,,,,,,,318,322.2,326.5,330.9,335.3,339.1,342.1,343.2,342.2,339.4,334.9,329.8,325.6,323,322.5,324.5,328.3,332.8,336.9,339.9,340.9,339.7,336.5,331.6,325,316.6,306.4,294.4,281.3,268.6,257.4,247.2,237.9,228.5,218.3,206.9,195,183.1,171.8,161.6,152.8,145.1,138.6,133.3,129.1,126,123.4,121.6,120.2,119.1,118.4,117.7,117,116.3,115.2,
Nigeria,NGA,"Mortality rate, under-5 (per 1,000 live births)",SH.DYN.MORT,,,,,325.2,318.3,311.5,304.8,298,291,283.7,276,267.7,259.4,251.1,243,235.4,228.4,222.2,216.9,212.6,209.4,207.4,206.6,206.6,207.2,208.1,209,209.4,209.6,209.3,208.8,208.1,207.2,205.7,203.7,201,197.2,192.8,187.7,182.4,177,171.4,165.8,160.4,155.1,150.2,145.8,141.9,138.5,135.7,133.4,131.4,129.6,128,126.4,124.7,122.4,119.6,116.8,113.8,110.8,
Nicaragua,NIC,"Mortality rate, under-5 (per 1,000 live births)",SH.DYN.MORT,197.3,195.4,193.6,191.7,189.6,187.1,184.5,181.8,178.7,175.2,171.6,167.2,186.3,157.3,151.3,144.7,137.5,130.2,122.8,115.5,108.5,102.1,96.2,91,86.4,82.5,79,75.9,72.9,69.9,66.9,63.8,60.6,57.5,54.5,51.5,48.7,46,50.5,41,38.8,36.9,35,33.3,31.8,30.3,28.9,27.6,26.4,25.2,24.1,23,21.9,20.8,19.8,18.8,17.8,16.8,15.8,14.9,14,13.3,
Netherlands,NLD,"Mortality rate, under-5 (per 1,000 live births)",SH.DYN.MORT,20.8,20.3,19.7,19.2,18.8,18.3,17.9,17.4,16.9,16.4,15.8,15.3,14.7,14.1,13.6,13.1,12.6,12.1,11.6,11.2,10.9,10.6,10.4,10.2,9.9,9.7,9.5,9.2,8.9,8.6,8.3,8,7.7,7.4,7.1,6.9,6.7,6.5,6.4,6.3,6.2,6.1,5.9,5.7,5.5,5.3,5.1,4.9,4.7,4.6,4.4,4.3,4.2,4.1,4.1,4.1,4,4,4,4,4.1,4.1,
Norway,NOR,"Mortality rate, under-5 (per 1,000 live births)",SH.DYN.MORT,22.6,22.1,21.5,21,20.4,19.7,19,18.2,17.5,16.9,16.2,15.6,15,14.3,13.6,12.9,12.2,11.5,10.9,10.4,10.1,9.9,9.9,10,10.1,10.2,10.2,10.1,9.8,9.3,8.7,7.9,7.2,6.6,6.1,5.7,5.4,5.3,5.1,5,4.9,4.7,4.6,4.4,4.2,4.1,3.9,3.7,3.6,3.4,3.3,3.1,3,2.9,2.8,2.7,2.6,2.5,2.4,2.4,2.3,2.2,
Nepal,NPL,"Mortality rate, under-5 (per 1,000 live births)",SH.DYN.MORT,324.7,320.8,316.1,310.7,304.5,298.2,291.4,284.7,278.1,271.9,265.8,260,254.5,249.1,243.7,238.2,232.6,226.8,220.7,214.2,207.7,201.1,194.5,188,181.3,174.5,167.5,160.4,153.1,145.8,138.6,131.5,124.6,118,111.7,105.7,99.9,94.4,89.1,84,79.1,74.6,70.3,66.4,62.7,59.4,56.3,53.4,50.7,48.2,45.9,43.6,41.5,39.4,37.4,35.5,33.7,32.1,30.6,29.3,28.2,27.2,
Nauru,NRU,"Mortality rate, under-5 (per 1,000 live births)",SH.DYN.MORT,,,,,,,,,,,,,,,,,,,,,,,,,,85.5,81.5,77.7,74.1,70.6,67.2,64,60.8,57.8,55,52.4,50,47.9,45.9,44.1,42.6,41.4,40.3,39.4,38.8,38.4,38.3,38.2,38.3,38.1,37.6,36.9,36,35.1,34.2,33.3,32.4,31.4,30.5,29.6,28.6,27.6,
New Zealand,NZL,"Mortality rate, under-5 (per 1,000 live births)",SH.DYN.MORT,27.9,26.9,25.8,24.7,23.8,23.1,22.5,22,21.6,21.2,20.8,20.3,19.9,19.4,18.9,18.3,17.7,17.1,16.6,16.1,15.6,15.2,14.8,14.5,14.2,13.8,13.4,12.9,12.4,11.8,11.2,10.6,10,9.5,9.1,8.7,8.4,8.1,7.8,7.6,7.4,7.2,7,6.9,6.7,6.6,6.5,6.5,6.4,6.3,6.2,6.1,6,5.8,5.7,5.5,5.3,5.2,5,4.9,4.8,4.7,
OECD members,OED,"Mortality rate, under-5 (per 1,000 live births)",SH.DYN.MORT,,,,,,,,,,,,,,,,,,,,,,,,,,,,,,,21.83531375,20.94128672,19.96972066,19.17223804,18.30755984,17.49471734,16.64491475,15.79670015,15.05195278,14.34716936,13.59885144,13.11855677,12.47969925,11.89411223,11.43520967,10.99612924,10.5255236,10.05629947,9.65030705,9.34233715,8.991258283,8.735188023,8.457065987,8.2339184,7.984648551,7.744702919,7.509047005,7.331863988,7.123453761,6.915801411,6.737671587,6.499385186,
Oman,OMN,"Mortality rate, under-5 (per 1,000 live births)",SH.DYN.MORT,370.2,353.9,338.5,323.4,309.4,295.7,282,268.7,255.2,242.1,229.3,216.6,204.2,192.2,180.1,168.2,156.1,144.4,132.9,121.7,110.8,100.5,90.7,81.5,73.1,65.5,58.7,52.7,47.6,43.1,39,35.3,32,29,26.4,24.1,22.2,20.4,18.9,17.5,16.3,15.3,14.5,13.7,13.2,12.7,12.4,12.2,12,11.9,11.7,11.6,11.5,11.4,11.3,11.2,11.1,11,10.8,10.6,10.4,10.1,
Other small states,OSS,"Mortality rate, under-5 (per 1,000 live births)",SH.DYN.MORT,,,,,,,,,,,,,,,,,,,,,,,,,,,,,,,95.87271433,94.67117398,93.49425383,93.30937153,93.55455802,94.0366792,93.60184102,93.48615357,92.85491349,91.41515705,89.8931535,88.56128716,86.77515437,85.07242306,83.22870449,80.9095652,77.83777803,74.9845452,72.03284466,68.37783352,64.852422,62.35683961,59.92370902,57.72541477,55.67583074,53.8334007,51.70707235,49.89807627,48.48199505,47.12052124,45.65748155,44.44952379,
Pakistan,PAK,"Mortality rate, under-5 (per 1,000 live births)",SH.DYN.MORT,251.9,242.9,234.5,226.6,219.4,212.9,207.3,202.3,198.1,194.1,190.5,187.2,184.1,181.3,178.5,176,173.7,171.4,169.3,167.1,165,162.8,160.5,158.1,155.6,153.1,150.4,147.7,145.1,142.5,139.8,137.1,134.1,131.1,127.9,124.6,121.2,117.8,114.4,111.1,108.1,105.3,102.8,100.5,98.5,96.5,94.6,92.9,91,89.2,87.2,85.1,83,80.7,78.4,76.2,73.9,71.8,69.6,67.5,65.5,63.3,
Panama,PAN,"Mortality rate, under-5 (per 1,000 live births)",SH.DYN.MORT,92,89.2,86.5,83.8,81.2,78.7,76.3,73.9,71.5,68.9,66.2,63.3,60.4,57.5,54.9,52.5,50.4,48.6,47,45.5,44,42.5,41,39.6,38.2,36.8,35.6,34.4,33.3,32.3,31.4,30.6,29.9,29.3,28.8,28.3,27.9,27.5,27,26.6,26,25.4,24.8,24.2,23.5,22.9,22.3,21.7,21.1,20.5,19.8,19.2,18.6,18,17.5,16.9,16.4,15.9,15.4,14.8,14.4,13.9,
Peru,PER,"Mortality rate, under-5 (per 1,000 live births)",SH.DYN.MORT,228.1,221.8,215.2,208.1,201,194.1,187.4,181.1,175.4,170.1,194.5,160.4,155.6,150.9,146.4,142.1,138.3,135,132,129.2,126.3,123.1,119.4,115.2,110.4,105.1,99.6,94.3,89.3,84.6,80.2,75.9,71.5,67,62.4,57.9,53.4,49.1,45.1,41.4,38.1,35.1,32.5,30.2,28.2,26.5,24.9,23.4,22.1,20.9,19.9,19,18.3,17.6,17.1,16.5,16.1,15.7,15.3,14.9,14.5,14.1,
Philippines,PHL,"Mortality rate, under-5 (per 1,000 live births)",SH.DYN.MORT,102.1,99,96.4,94.1,92.2,90.3,88.6,86.9,85.5,84.2,83.3,82.7,82.3,82.1,82.1,82,81.9,81.6,81.1,80.4,79.5,78.5,77.4,76.1,74.5,72.5,70,67,63.6,60.1,56.6,53.3,50.4,47.9,45.7,43.7,42.1,40.7,39.5,38.5,37.7,37,36.3,35.6,34.9,34.2,33.6,33.1,32.6,32.2,31.8,31.4,31,30.6,30.2,29.8,29.3,28.7,28,27.3,26.5,25.7,
Palau,PLW,"Mortality rate, under-5 (per 1,000 live births)",SH.DYN.MORT,,,,,,96.5,93.1,90.3,87.4,84.1,80.6,76.8,73,68.7,64.6,60.8,57.1,53.6,50.7,48.2,45.9,44,42.4,41,39.8,38.7,37.9,37.1,36.5,35.9,35.3,34.7,34.1,33.4,32.7,31.9,31.2,30.4,29.7,29,28.5,27.9,27.4,26.9,26.4,25.9,25.4,24.9,24.3,23.7,23.1,22.4,21.8,21.1,20.4,19.7,19.1,18.5,17.9,17.4,16.8,16.2,
Papua New Guinea,PNG,"Mortality rate, under-5 (per 1,000 live births)",SH.DYN.MORT,197.7,191.7,185.8,179.9,174.3,168.6,163.2,157.9,152.6,147.6,142.8,138.2,133.8,129.5,125.5,121.6,118,114.7,111.4,108.4,105.6,102.9,100.4,98,95.8,93.8,91.8,90,88.2,86.5,84.9,83.3,81.8,80.3,78.8,77.4,76.1,74.8,73.6,72.3,71.1,70,68.7,67.6,66.3,65,63.6,62.3,60.9,59.4,58,56.6,55.2,53.8,52.5,51.1,49.7,48.3,46.9,45.5,44.2,42.8,
Poland,POL,"Mortality rate, under-5 (per 1,000 live births)",SH.DYN.MORT,65.3,60.4,56.1,52.4,48.9,45.7,42.8,40.4,38.8,37.6,36.1,34.3,32.4,30.5,29,27.8,27,26.3,25.5,24.7,23.9,23.3,22.7,21.9,21.1,20.3,19.6,18.9,18.4,17.9,17.4,16.9,16.4,16,15.4,14.5,13.2,12,10.9,10,9.3,8.8,8.4,8.1,7.8,7.6,7.3,7,6.7,6.3,6,5.7,5.4,5.2,5,4.9,4.8,4.7,4.5,4.4,4.4,4.3,
Pre-demographic dividend,PRE,"Mortality rate, under-5 (per 1,000 live births)",SH.DYN.MORT,,,,,,,,,,,,,,,,,,,,,,,,,,,,,,,184.4967616,182.7363042,180.9347923,179.118534,176.3232583,173.6597253,170.6806275,167.0838834,162.9929458,158.4881181,153.5420463,148.2694164,142.8021291,137.1749049,131.6432806,126.3854334,121.3631176,116.7565824,112.4559237,108.2798097,104.5970932,101.2832812,98.19502632,95.21113138,92.58905175,90.18592068,87.81678043,85.56708807,83.19897809,80.9553712,78.70145253,76.46520699,
Puerto Rico,PRI,"Mortality rate, under-5 (per 1,000 live births)",SH.DYN.MORT,,,,,,,,,,,,,,,,,,,,,,,,,,,,,,,,,,,,,,,,,,,,,,,,,,,,,,,,,,,,,,,
"Korea, Dem. People's Rep.",PRK,"Mortality rate, under-5 (per 1,000 live births)",SH.DYN.MORT,,,,,,,,,,,,,,,,,,,,,,,,,,35.1,34.7,35.2,36.8,39.5,43.4,48.6,54.8,61.3,67.7,72.8,75.7,75.7,72.9,67.4,60,52.1,44.7,38.9,35,33,32.4,32.2,31.8,31,29.5,27.7,25.7,24,22.4,21.1,20,19,18.2,17.3,16.5,15.4,
Portugal,PRT,"Mortality rate, under-5 (per 1,000 live births)",SH.DYN.MORT,114.4,110.3,104.8,97.9,90.9,84.8,80.3,77.2,75,72.7,68.8,63.4,57.5,52.4,47.9,43.6,39.4,35.6,32.4,29.7,27.5,25.8,24.2,22.9,21.6,20.4,19.3,18.2,17,15.9,14.7,13.6,12.5,11.4,10.5,9.7,9.1,8.6,8.2,7.7,7.2,6.6,6.1,5.5,5,4.6,4.4,4.2,4,3.9,3.8,3.7,3.7,3.7,3.6,3.7,3.7,3.6,3.6,3.4,3.3,3.1,
Paraguay,PRY,"Mortality rate, under-5 (per 1,000 live births)",SH.DYN.MORT,82.2,81.5,81,80.5,80.1,79.8,79.4,79,78.7,78.2,77.6,76.9,76.1,75.2,74.1,72.9,71.6,70.1,68.6,66.9,65,63.1,61.1,59,56.9,54.9,52.9,51,49.1,47.3,45.6,43.9,42.3,40.9,39.6,38.4,37.3,36.4,35.5,34.6,33.8,33.1,32.3,31.5,30.7,29.9,29.2,28.4,27.6,26.8,26,25.2,24.4,23.6,22.9,22.2,21.4,20.8,20,19.4,18.7,18.2,
West Bank and Gaza,PSE,"Mortality rate, under-5 (per 1,000 live births)",SH.DYN.MORT,,,,,,,,,,,,,,,,107.5,101.2,95.2,89.7,84.4,79.5,74.8,70.5,66.4,62.5,59,55.7,52.6,49.8,47.3,44.9,42.9,41,39.3,37.7,36.3,34.9,33.6,32.5,31.4,30.4,29.4,28.6,27.7,26.9,26.1,25.2,24.4,23.6,22.8,22.1,21.3,20.6,19.8,21.3,18.4,17.7,17.1,16.5,15.9,15.3,14.8,
Pacific island small states,PSS,"Mortality rate, under-5 (per 1,000 live births)",SH.DYN.MORT,,,,,,,,,,,,,,,,,,,,,,,,,,,,,,,36.46469776,35.30102258,34.22228311,33.19325537,32.33297995,31.55004317,30.89723804,30.3034682,29.76115311,29.26374093,28.81614964,28.38515335,28.30993521,27.86075235,27.81571239,27.85000976,27.86214675,27.8437217,27.73531588,28.097369,27.24893091,26.93878455,26.53551652,26.15049213,25.80925444,25.48662336,25.18837434,24.88147144,24.5904703,24.25303129,23.9136502,23.44266052,
Post-demographic dividend,PST,"Mortality rate, under-5 (per 1,000 live births)",SH.DYN.MORT,,,,,,,,,,,,,,,,,,,,,,,,,,,,,,,10.78251598,10.41954412,10.0907802,9.638194204,9.187798755,8.74452859,8.376754105,8.033495625,7.800130613,7.536152843,7.28433589,7.100677561,6.928203754,6.775777077,6.653091284,6.489902258,6.347042064,6.17294082,6.027660491,5.884659121,5.674683734,5.567112399,5.427190432,5.326237499,5.231113243,5.153996063,5.059962866,4.991760935,4.909000063,4.83153315,4.743897902,4.665435297,
French Polynesia,PYF,"Mortality rate, under-5 (per 1,000 live births)",SH.DYN.MORT,,,,,,,,,,,,,,,,,,,,,,,,,,,,,,,,,,,,,,,,,,,,,,,,,,,,,,,,,,,,,,,
Qatar,QAT,"Mortality rate, under-5 (per 1,000 live births)",SH.DYN.MORT,,,,,,,,,,71.3,66.5,62,57.9,54.1,50.7,47.7,44.9,42.4,40.2,38.2,36.3,34.6,33,31.4,29.9,28.4,26.8,25.3,23.8,22.3,20.8,19.4,18.2,17.1,16.1,15.3,14.6,14,13.5,13,12.5,12,11.6,11.2,10.8,10.4,10.1,9.8,9.6,9.4,9.2,8.9,8.7,8.4,8.1,7.8,7.4,6.9,6.5,6.1,5.7,5.3,
Romania,ROU,"Mortality rate, under-5 (per 1,000 live births)",SH.DYN.MORT,86.9,79.7,70.5,61.1,54.3,53.1,57.9,64,65.5,61.8,56,50.7,46.8,44.9,44,42.8,40.7,38.7,37.5,36.8,35.9,34.4,32.7,31.4,30.8,31.5,33.2,34.7,34.6,33,31.1,29.7,28.7,28,27.5,27.1,26.7,25.9,24.5,22.8,21.5,20.6,20.2,19.8,19.3,18.3,16.7,15.1,13.9,13.1,12.4,11.8,11.2,10.6,9.9,9.2,8.5,7.9,7.4,7,6.7,6.4,
Russian Federation,RUS,"Mortality rate, under-5 (per 1,000 live births)",SH.DYN.MORT,,,,,,,,,,,38.1,36.5,34.9,33.5,32.2,31.1,30.2,29.4,28.7,28.1,27.6,27.1,26.6,26.1,25.6,24.9,24.2,23.4,22.6,22,21.6,21.5,21.7,21.9,22.1,22,21.7,21.3,20.8,20.2,19.4,18.4,17.3,16.1,15,13.9,12.8,12,11.3,10.7,10.4,10.2,9.9,9.5,8.9,8.2,7.5,6.9,6.3,5.8,5.4,5.1,
Rwanda,RWA,"Mortality rate, under-5 (per 1,000 live births)",SH.DYN.MORT,220.5,215.8,212.4,210.4,209.5,209.4,210.1,211.9,214.8,218.3,221.7,224.6,228,233.1,239.5,245.9,250.5,250.9,245.2,233.6,218.1,201.3,186.1,174.6,166.4,160,154.6,150.3,146.8,146,149.9,159.4,173.2,189.5,340.6,221.1,224.1,220.7,213,201,185.4,167.6,149.6,133.2,118.3,105.2,93.9,84.5,76.3,69.6,63.8,58.6,55.2,52.2,49.8,47.7,46.1,44.6,43.4,42.1,40.7,39.4,
South Asia,SAS,"Mortality rate, under-5 (per 1,000 live births)",SH.DYN.MORT,,,,,,,,,,,,,,,,,,,,,,,,,,,,,,,130.2,126.4,122.6,119.1,115.6,111.9,108.3,104.6,100.9,97.1,93.4,89.8,86.4,83.1,80,76.8,73.8,70.9,68,65.2,62.3,59.6,56.9,54.3,51.7,49.2,46.8,44.6,42.5,40.6,38.8,37.1,
Saudi Arabia,SAU,"Mortality rate, under-5 (per 1,000 live births)",SH.DYN.MORT,,,,,,,,,,,,,159.6,149.1,139.6,130.6,122.3,114.3,106.9,99.8,93.2,87,81.1,75.5,70.2,65.2,60.5,56,51.8,47.9,44.3,41,38,35.3,32.8,30.5,28.5,26.6,24.9,23.4,22.1,20.8,19.6,18.5,17.5,16.5,15.5,14.6,13.8,13,12.3,11.5,10.9,10.2,9.6,9.1,8.6,8.1,7.7,7.3,7,6.7,
Sudan,SDN,"Mortality rate, under-5 (per 1,000 live births)",SH.DYN.MORT,177.4,174.5,171.8,169.2,166.8,164.7,162.7,161,159.5,158.1,157,156.1,155.3,154.4,153.4,152.5,151.4,150.3,149.1,148,147,145.9,144.9,188,185.7,183.2,139.8,138.1,136.2,134.1,132,129.8,127.4,125,122.5,119.8,117.1,114.1,111,107.8,104.4,101,97.7,94.4,91.2,88.2,85.5,82.8,80.3,78,75.9,73.8,71.9,69.9,68,66,64.1,62.1,60.3,58.4,56.6,54.9,
Senegal,SEN,"Mortality rate, under-5 (per 1,000 live births)",SH.DYN.MORT,295.6,295.6,296.1,296.9,297.6,297.7,297.4,296.4,294.5,292.1,288.3,283.4,277.3,270.2,261.9,252.5,242,231.4,221.3,212.3,204.5,197.7,191.6,185.4,178.7,171.3,163.1,155.1,148,142.4,138.6,136.6,136,136.4,137.4,138.4,139.2,139,137.6,134.5,129.7,123,115.2,107,99.1,91.7,85.1,79.4,74.5,70.2,66.4,62.9,59.8,56.7,53.8,51,48.4,45.9,43.7,41.8,40.1,38.6,
Singapore,SGP,"Mortality rate, under-5 (per 1,000 live births)",SH.DYN.MORT,47.7,43.7,40.4,38,36.4,35.1,33.6,31.8,30,28.4,27.1,25.7,24.1,22.1,19.6,17.2,15.7,15.2,15.2,15.1,14.8,14.1,13.2,12.2,11.5,10.9,10.3,9.8,9.2,8.5,7.7,6.9,6.3,5.7,5.3,5,4.8,4.6,4.4,4.2,3.9,3.6,3.4,3.2,3,2.9,2.9,2.9,2.8,2.8,2.8,2.8,2.8,2.8,2.7,2.7,2.7,2.6,2.5,2.4,2.2,2.1,
Solomon Islands,SLB,"Mortality rate, under-5 (per 1,000 live births)",SH.DYN.MORT,171,163.3,155.7,148.4,141.4,134.3,127.4,120.3,113.2,106,99,92.3,86,80.1,74.7,77.8,65.5,61.6,58.1,55.1,52.5,50.3,48.3,46.6,45.1,43.7,42.4,41.2,40.2,39.2,38.2,37.2,36.2,35.2,34.3,33.5,32.8,32.2,31.7,31.2,30.8,30.4,30.1,29.8,29.5,29.2,28.8,28.3,27.8,27.1,26.4,25.6,24.9,24.1,23.5,22.8,22.1,21.4,20.7,20,19.4,18.8,
Sierra Leone,SLE,"Mortality rate, under-5 (per 1,000 live births)",SH.DYN.MORT,390.2,384.5,378.8,372.8,366.8,360.9,355.2,349.4,343.5,337.9,332.5,327.4,322.3,317.4,312.5,308.1,303.5,299.2,294.9,291.1,287.4,283.9,280.4,277.3,274.4,271.5,269,266.7,264.4,262.4,260.5,258.6,256.5,254.4,251.7,248.5,244.7,240.5,235.8,230.9,225.9,220.4,214.8,209,202.8,196.5,189.7,182.8,175.7,168.5,161.4,154.5,148,141.9,140,141,126.1,121.4,116.8,112.5,108.5,104.7,
El Salvador,SLV,"Mortality rate, under-5 (per 1,000 live births)",SH.DYN.MORT,184.8,180.9,177.1,173.5,170,166.6,163.1,159.9,156.7,153.4,150,146.7,143.2,139.4,135.3,130.9,126.3,121.4,116.4,111.1,125,100.5,95.1,89.9,84.8,79.9,75.3,71,67.1,63.4,60,56.7,53.7,50.7,47.7,44.9,42.2,39.7,37.3,35.1,33.1,31.3,29.6,28,26.4,25,23.7,22.5,21.4,20.3,19.3,18.4,17.5,16.7,16,15.4,14.8,14.3,13.8,13.3,12.8,12.4,
San Marino,SMR,"Mortality rate, under-5 (per 1,000 live births)",SH.DYN.MORT,,,,,,,,,,,,,,,,,,,,,,,,,,22.5,20.4,18.6,16.9,15.3,13.9,12.6,11.5,10.4,9.5,8.7,7.9,7.2,6.6,6.1,5.6,5.2,4.8,4.4,4.1,3.9,3.6,3.4,3.2,3,2.9,2.7,2.6,2.4,2.3,2.2,2.1,2,1.9,1.9,1.8,1.7,
Somalia,SOM,"Mortality rate, under-5 (per 1,000 live births)",SH.DYN.MORT,,,,,,,,,,,,,,,,,,,,,,,201.1,197.6,194.8,192.5,190.3,188.6,186.4,183.8,180.4,176.6,174.1,173.1,172.9,172.9,172.9,172.9,172.9,172.9,172.9,172.9,172.9,172.9,172.9,172.8,172.3,170.2,166.6,162.2,157.5,152.7,148.1,143.4,138.9,134.5,130.3,126.1,122.5,118.6,114.9,111.8,
Serbia,SRB,"Mortality rate, under-5 (per 1,000 live births)",SH.DYN.MORT,,,,,,,,,,,,,,,,,,,,,,,,,40.6,39.2,37.8,36.1,33.6,30.9,28.3,26.2,24.5,23,21.4,19.5,17.4,15.6,14.2,13.3,12.6,12,11.3,10.5,9.7,9,8.5,8.2,7.9,7.8,7.6,7.4,7.1,6.8,6.6,6.3,6.1,5.9,5.8,5.7,5.6,5.5,
Sub-Saharan Africa (excluding high income),SSA,"Mortality rate, under-5 (per 1,000 live births)",SH.DYN.MORT,,,,,,,,,,,,,,,,,,,,,,,,,,,,,,,178.7483755,177.1089048,175.7102148,174.351359,173.9874481,169.792776,167.1590763,164.1262216,160.2719132,155.8814086,151.1252793,145.8667268,140.4352361,134.8961866,129.4223884,124.1531441,119.1970252,114.3896547,109.735725,105.4715399,101.5716537,98.07047467,94.80641196,91.77532467,89.11082284,86.63976737,84.21565078,81.90456073,79.4745562,77.24166265,75.11592288,72.99710506,
South Sudan,SSD,"Mortality rate, under-5 (per 1,000 live births)",SH.DYN.MORT,353.1,350.4,347.1,344,340.8,338.1,335.4,332.5,329.3,326.3,323.5,320.6,316.8,313.6,309.6,306.1,302.3,299,295.2,292.2,289.1,285.8,282.8,279.1,275.7,272.3,268.3,264.6,260.3,255.8,251.2,246.4,241.3,235.4,229,222.1,215,207.4,199,190.4,181.6,172.7,164,155.5,147.5,140.1,133.2,126.7,120.4,114.7,109.1,104.5,101,99.2,98.7,98.7,98.7,98.7,98.7,98.7,98.7,98.7,
Sub-Saharan Africa,SSF,"Mortality rate, under-5 (per 1,000 live births)",SH.DYN.MORT,,,,,,,,,,,,,,,,,,,,,,,,,,,,,,,178.9,177.4,175.8,174.5,174.3,170.1,167.2,164.1,160.3,155.9,151.1,145.9,140.5,134.9,129.5,124.2,119.3,114.4,109.8,105.5,101.6,98.1,94.8,91.8,89.2,86.7,84.3,82,79.6,77.3,75.1,73,
Small states,SST,"Mortality rate, under-5 (per 1,000 live births)",SH.DYN.MORT,,,,,,,,,,,,,,,,,,,,,,,,,,,,,,,79.5651513,78.49417186,77.46588181,77.06827554,77.16846299,77.30704568,77.15649804,76.97649027,76.56508885,75.71787586,74.89771029,73.87343189,72.61175866,71.33874932,69.94365855,68.24790769,65.93026851,63.98227508,61.69260364,58.91809607,56.2381168,54.27217354,52.3206174,50.58937803,48.92974824,47.39143306,45.71975061,44.27605147,43.12149777,42.01132996,40.74585615,39.65501445,
Sao Tome and Principe,STP,"Mortality rate, under-5 (per 1,000 live births)",SH.DYN.MORT,,,,,,95.7,92.7,90.1,87.9,86.6,86,86,86.4,87.2,87.8,88.4,88.8,89.3,89.8,90.3,91.2,92.4,94,96,98.1,100.3,114.7,104.3,106.1,107.5,108.8,109.4,109.5,108.9,107.3,104.9,101.6,97.5,93,87.9,82.4,76.9,71.3,65.9,60.7,55.8,51.2,47,43.1,39.5,36.3,33.3,30.5,27.8,25.4,23.3,21.4,19.7,18.3,17.1,16.2,15.4,
Suriname,SUR,"Mortality rate, under-5 (per 1,000 live births)",SH.DYN.MORT,,,,,,,,,,,,,,,,,,,,,,,,57,55.1,53.3,51.6,49.8,48.2,46.7,45.1,43.5,42.1,40.6,39.1,37.6,36.3,34.9,33.6,32.4,31.3,30.3,29.3,28.4,27.5,26.7,25.9,25.2,24.5,23.9,23.3,22.7,22.1,21.6,21,20.5,19.9,19.4,18.8,18.3,17.7,17.2,
Slovak Republic,SVK,"Mortality rate, under-5 (per 1,000 live births)",SH.DYN.MORT,,,,,,,,,,,,,,,,,,,,,,21.6,20.7,19.8,19,18.2,17.4,16.7,16,15.3,14.7,14.1,13.6,13,12.5,11.9,11.5,11,10.5,10.1,9.8,9.4,9.1,8.8,8.5,8.2,7.9,7.7,7.4,7.2,7,6.8,6.7,6.5,6.4,6.2,6.1,6,5.9,5.8,5.7,5.6,
Slovenia,SVN,"Mortality rate, under-5 (per 1,000 live births)",SH.DYN.MORT,,,,,,,,,,,,,,,,,,,,,,17.9,17,16.1,15.3,14.4,13.5,12.7,11.9,11.1,10.4,9.7,9,8.4,7.9,7.4,6.9,6.5,6.1,5.8,5.5,5.2,4.9,4.7,4.4,4.2,4,3.8,3.6,3.4,3.2,3.1,2.9,2.8,2.7,2.6,2.5,2.4,2.4,2.3,2.2,2.2,
Sweden,SWE,"Mortality rate, under-5 (per 1,000 live births)",SH.DYN.MORT,19.6,19.2,18.6,17.9,17.1,16.3,15.6,14.9,14.4,13.9,13.4,12.9,12.3,11.6,11,10.3,9.8,9.4,9,8.7,8.4,8.2,8,7.8,7.7,7.6,7.5,7.4,7.3,7.2,7,6.6,6.2,5.7,5.2,4.8,4.5,4.3,4.2,4.1,4.1,4,4,3.9,3.7,3.6,3.5,3.3,3.2,3.1,3.1,3,3,2.9,2.9,2.9,2.8,2.8,2.7,2.6,2.5,2.5,
Eswatini,SWZ,"Mortality rate, under-5 (per 1,000 live births)",SH.DYN.MORT,208.9,205.5,202.1,198.3,194.5,190.5,186.6,182.6,178.4,174.1,169.7,164.8,159.6,154,148.2,142.2,136.4,130.4,124.9,119.3,113.9,108.4,102.9,107.9,91.7,86.5,81.6,77.2,73.4,70.3,68.3,67.5,68.6,71.5,76.6,83.5,90.7,97.3,103.3,108.1,112.3,115.3,117,118.4,118.9,118.9,109.5,105.1,103.7,98.2,88.3,76.5,70.4,67.9,67.9,64.4,61.8,63.2,59.6,56.9,56.2,52.6,
Sint Maarten (Dutch part),SXM,"Mortality rate, under-5 (per 1,000 live births)",SH.DYN.MORT,,,,,,,,,,,,,,,,,,,,,,,,,,,,,,,,,,,,,,,,,,,,,,,,,,,,,,,,,,,,,,,
Seychelles,SYC,"Mortality rate, under-5 (per 1,000 live births)",SH.DYN.MORT,104.6,103.2,101.6,100,97.9,95.5,92.6,89.1,85,80.4,75.5,70.5,65.5,60.6,55.7,50.9,46.1,41.7,37.5,33.7,30.4,27.6,25.2,23.3,21.7,20.4,19.3,18.4,17.6,16.9,16.3,15.8,15.3,14.9,14.6,14.4,14.2,14,13.9,13.9,13.9,13.9,13.9,13.9,13.9,14,14,14.1,14.1,14.2,14.3,14.3,14.4,14.4,14.5,14.5,14.6,14.6,14.5,14.4,14.2,13.9,
Syrian Arab Republic,SYR,"Mortality rate, under-5 (per 1,000 live births)",SH.DYN.MORT,169.6,161.1,153.8,147.1,140.8,134.9,128.8,122.8,116.6,110.4,104.5,98.9,93.7,88.9,84.3,80,75.8,71.6,67.6,63.7,60,63,70.1,50.5,47.9,45.5,43.4,41.5,39.8,38.2,36.7,35.3,33.8,32.3,30.8,29.3,27.8,26.5,25.2,24.1,23,22.1,21.3,20.7,20.1,19.7,19.3,19.1,18.9,18.9,18.9,20.2,37.1,45.4,47.3,41.8,39.8,23.9,23.8,22.6,22.8,22.3,
Turks and Caicos Islands,TCA,"Mortality rate, under-5 (per 1,000 live births)",SH.DYN.MORT,137.5,128,119,110.5,102.5,94.8,87.7,80.9,74.6,68.8,63.3,58.3,53.5,49.2,45.1,41.4,38,34.9,32.1,29.7,27.5,25.5,23.7,22,20.6,19.3,18.1,17,16,15,14.2,13.5,12.8,12.1,11.5,11,10.5,10,9.5,9.1,8.7,8.3,8,7.6,7.3,7,6.8,6.6,6.4,6.2,6,5.8,5.7,5.6,5.4,5.3,5.2,5,4.9,4.8,4.6,4.5,
Chad,TCD,"Mortality rate, under-5 (per 1,000 live births)",SH.DYN.MORT,,,,,,,,,,,,,252.8,251.4,249.8,248.4,246.9,245.4,243.9,242.1,240.2,237.9,235.3,232.6,229.7,226.7,223.8,220.9,217.9,214.9,212,209.2,206.4,203.7,201.2,198.8,196.4,193.6,190.8,187.6,184.3,181,177.7,174.3,170.9,167.5,163.9,160.1,156.3,152.3,148.4,144.5,140.6,136.9,133.3,129.5,125.8,121.9,118,114.3,110.5,107.1,
East Asia & Pacific (IDA & IBRD countries),TEA,"Mortality rate, under-5 (per 1,000 live births)",SH.DYN.MORT,,,,,,,,,,,,,,,,,,,,,,,,,,,,,,,59.30896792,58.85226521,57.41888663,55.75818322,53.91276789,51.96688561,50.01426433,48.03842118,45.98592939,43.86123838,41.50807519,39.38369674,37.12984839,34.8755692,33.6027465,30.57725783,28.77013158,27.06542111,26.43102513,24.04799934,22.82105372,21.68558475,20.29288573,19.49231925,18.45865931,17.8497629,16.81294582,16.00751794,16.0261646,15.60807834,15.6611564,15.53615697,
Europe & Central Asia (IDA & IBRD countries),TEC,"Mortality rate, under-5 (per 1,000 live births)",SH.DYN.MORT,,,,,,,,,,,,,,,,,,,,,,,,,,,,,,,44.84740636,44.580304,44.65314268,44.5728858,43.82847084,43.04562398,41.56448746,39.88982194,38.0442923,36.04140942,33.69389099,31.50377429,29.27549241,27.14780802,25.37282979,23.77048186,22.17754792,20.71239878,19.32064067,18.1503242,17.162594,16.33154184,15.43323395,14.70952859,13.93337627,13.21924873,12.51295134,11.97602256,11.55372768,11.21261331,10.81641909,10.44071618,
Togo,TGO,"Mortality rate, under-5 (per 1,000 live births)",SH.DYN.MORT,261.3,258.6,255.8,252.9,249.6,246.3,242.6,238.7,234.5,230.1,225.6,220.9,216.2,211.4,206.7,202,197.3,192.8,188.2,183.7,179.3,175.1,171,167.2,163.7,160.3,157.2,154.5,152,149.7,147.5,145.5,143.5,141.3,139,136.4,133.6,130.4,127,123.5,120,116.5,113,109.6,106.4,103.2,100.3,97.4,94.6,91.9,89.1,86.4,83.7,81.1,78.5,75.9,73.5,71.2,68.8,66.6,64.6,62.6,
Thailand,THA,"Mortality rate, under-5 (per 1,000 live births)",SH.DYN.MORT,146.5,141.5,136.5,131.6,126.8,122.2,117.5,112.9,108.2,103.5,98.9,94.3,89.8,85.5,81.4,77.4,73.7,70.2,66.9,63.8,60.9,58.1,55.4,52.9,50.4,48,45.7,43.5,41.3,39.1,37.1,35.1,33.2,31.5,29.9,28.4,26.9,25.6,24.3,23.1,21.9,20.9,19.9,18.9,18,17.2,16.4,15.6,14.9,14.2,13.6,13,12.4,11.8,11.3,10.8,10.3,9.9,9.4,9,8.6,8.3,
Tajikistan,TJK,"Mortality rate, under-5 (per 1,000 live births)",SH.DYN.MORT,,,,,,,,,,,,,155.2,150.1,145.2,140.7,137.2,134.3,132.1,131,130,129.3,128.3,126.6,123.7,119.5,114.5,109.4,105.1,102.6,102.5,105.4,109.8,113.4,114.1,112.2,108.1,102.7,96.6,90.1,83.7,77.3,71.3,65.6,60.4,55.9,52.1,49,46.5,44.5,42.9,41.6,40.4,39.4,38.4,37.4,36.5,35.5,34.5,33.5,32.5,31.4,
Turkmenistan,TKM,"Mortality rate, under-5 (per 1,000 live births)",SH.DYN.MORT,,,,,,,,,,,,,,,,,,133.1,128.3,123.6,118.9,114.3,109.6,105,100.2,95.6,91.3,87.4,84,81.3,79.4,78.5,78.5,78.9,79.6,79.9,79.5,78.3,76.2,73.3,69.8,66.1,62.3,58.6,55.2,52.2,49.6,47.4,45.6,44.2,43.2,42.6,42.2,42.1,42.2,42.4,42.8,43.2,43.2,42.8,42.2,41.4,
Latin America & the Caribbean (IDA & IBRD countries),TLA,"Mortality rate, under-5 (per 1,000 live births)",SH.DYN.MORT,,,,,,,,,,,,,,,,,,,,,,,,,,,,,,,55.59221362,53.13168138,50.68777025,48.2637453,45.84690259,43.57015634,41.33375939,39.21531082,37.71698093,35.24879135,33.51352045,31.83995368,30.28890671,28.85868915,27.51235186,26.27375774,25.14527364,24.10014122,23.15925522,22.32324744,22.81852288,20.796155,20.11518413,19.51421426,18.99382228,18.5161143,18.68886649,17.93266252,17.47010209,16.9778999,16.50526913,16.02240685,
Timor-Leste,TLS,"Mortality rate, under-5 (per 1,000 live births)",SH.DYN.MORT,,,,,,,,,,,,,,,,,,,,,,,,,,221,211,201.5,192.3,183.6,175.5,167.9,160.7,153.7,146.9,140.4,134.1,128.1,122.3,116.7,111.3,106.1,101.1,96.4,91.8,87.6,83.7,80.1,76.8,74,71.4,69.2,67.2,65.3,63.5,61.6,59.7,57.7,55.8,53.9,52.2,50.5,
Middle East & North Africa (IDA & IBRD countries),TMN,"Mortality rate, under-5 (per 1,000 live births)",SH.DYN.MORT,,,,,,,,,,,,,,,,,,,,,,,,,,,,,,,69.8496367,67.21885118,64.9017755,62.61476026,60.52047351,58.38358639,56.03708758,53.87260748,51.62347751,49.39479078,47.12594351,44.84321221,42.76036947,40.8460801,38.96290674,37.17543896,35.49107586,33.74931595,32.178164,30.94100204,29.84807807,29.11906874,29.38124621,28.98893263,28.12007629,27.27120452,26.5945169,25.41119179,25.18385209,24.88070214,24.26401368,24.06256057,
Tonga,TON,"Mortality rate, under-5 (per 1,000 live births)",SH.DYN.MORT,,,,78.8,73.8,69.2,64.9,60.6,56.6,52.8,49.4,46.3,43.5,41.1,38.9,37,35.3,33.7,32.2,30.8,29.6,28.7,27.8,27.1,26.4,25.8,25.2,24.5,23.8,23,22.2,21.4,20.6,20,19.4,18.9,18.5,18.1,17.8,17.4,17,16.5,16,15.6,15.1,14.8,14.4,14,13.7,13.4,13.2,12.9,12.8,12.6,12.5,12.4,12.2,12.1,11.9,11.7,11.4,11.1,
South Asia (IDA & IBRD),TSA,"Mortality rate, under-5 (per 1,000 live births)",SH.DYN.MORT,,,,,,,,,,,,,,,,,,,,,,,,,,,,,,,130.1923048,126.3171189,122.6328731,119.149173,115.5702825,111.9346024,108.3071816,104.6137319,100.8690409,97.14452248,93.40296642,89.77232336,86.36634699,83.12218255,80.06486192,76.84085842,73.82255428,70.91382986,67.93092993,65.22482549,62.36003434,59.61815998,56.98297121,54.32549688,51.73130023,49.2584571,46.78792907,44.69003543,42.5054818,40.58936974,38.84649353,37.05196014,
Sub-Saharan Africa (IDA & IBRD countries),TSS,"Mortality rate, under-5 (per 1,000 live births)",SH.DYN.MORT,,,,,,,,,,,,,,,,,,,,,,,,,,,,,,,178.7370967,177.0973942,175.6995384,174.3405795,173.9767213,169.7833454,167.1500103,164.1180259,160.26419,155.8739915,151.1181034,145.86021,140.4289302,134.8901941,129.4168097,124.1475508,119.1920001,114.3846974,109.7309243,105.4669473,101.5676547,98.06640184,94.80248295,91.77179254,89.10748632,86.63650705,84.21243714,81.90147097,79.47167178,77.23896901,75.11340259,72.994734,
Trinidad and Tobago,TTO,"Mortality rate, under-5 (per 1,000 live births)",SH.DYN.MORT,67.7,65.3,63.2,61.2,59.4,57.7,56.3,55,53.8,52.7,51.6,50.6,49.5,48.4,47.2,45.9,44.6,43.3,42,40.7,39.4,38.1,36.9,35.8,34.8,33.8,33,32.2,31.5,30.8,30.3,29.8,29.4,29.1,28.8,28.6,28.4,28.4,28.3,28.2,28.1,27.9,27.7,27.3,26.8,26.2,25.6,24.9,24.2,23.5,22.9,22.2,21.5,20.8,20.2,19.6,19,18.5,17.9,17.4,16.8,16.3,
Tunisia,TUN,"Mortality rate, under-5 (per 1,000 live births)",SH.DYN.MORT,,,272.3,259.6,247.4,235.4,223.8,212.3,201.1,190.4,180.2,170.5,161.1,152.1,143,134.1,125.3,116.9,109.1,101.9,95.4,89.6,84.4,79.6,75.1,70.9,67.1,63.7,60.6,57.9,55.4,53,50.6,48.1,45.5,42.8,40,37.3,34.7,32.2,30,28,26.2,24.7,23.3,22.1,21,20.2,19.4,18.9,18.4,18,17.7,17.5,17.3,17.2,17.1,17.1,17,16.9,16.6,16.3,
Turkiye,TUR,"Mortality rate, under-5 (per 1,000 live births)",SH.DYN.MORT,257.2,249.2,241.1,233.2,225.4,218.1,211.2,204.7,198.6,192.7,187,181.3,175.6,169.9,164.1,158.1,152.1,146,139.9,133.8,127.7,121.7,115.7,109.8,104.1,98.5,93.2,88.2,83.3,78.7,74.2,69.8,65.5,61.4,57.5,53.8,50.3,46.9,43.7,40.7,37.9,35.2,32.7,30.3,28.1,26.1,24.2,22.5,20.9,19.5,18.1,16.9,15.8,14.7,13.8,13,12.2,11.4,10.7,10.1,9.5,9,
Tuvalu,TUV,"Mortality rate, under-5 (per 1,000 live births)",SH.DYN.MORT,169.8,162.1,154.9,147.9,141.2,134.8,128.6,122.6,117,111.5,106.1,100.6,95.3,90,84.8,80.1,75.9,72.1,68.7,65.8,63.2,61.1,59.3,57.7,56.4,55.3,54.7,54.1,53.7,53.3,52.8,52.2,51.5,50.7,49.7,48.6,47.4,46,44.6,43.3,42.2,41.2,40.3,39.6,38.7,37.8,36.6,35.4,34,32.7,31.3,30.1,29,28,27.1,26.1,25.3,24.3,23.6,22.7,21.9,21.3,
Tanzania,TZA,"Mortality rate, under-5 (per 1,000 live births)",SH.DYN.MORT,241.8,240.2,238.3,236.3,234,231.5,228.4,225.2,222.2,219,215.6,212.2,208.7,204.8,200.9,196.7,192.1,187.8,183.8,180.6,178.8,178,178,178.3,178.4,177.9,176.4,174.2,171.7,169.1,166.9,164.9,163.3,161.6,159.5,156.9,153.8,149.6,144.1,137.3,129.9,121.9,114,106.7,100,94,88.9,83.9,79.6,75.3,71.7,68.2,65.2,62.5,59.8,58,55.8,53.9,51.9,50.4,49,47.1,
Uganda,UGA,"Mortality rate, under-5 (per 1,000 live births)",SH.DYN.MORT,222.7,218.7,215.3,212.1,208.7,205.4,202,198.9,196,193.7,192.3,191.9,192.7,194.5,197.6,201.4,205.8,210.4,214.4,217.2,219,217.7,213.4,207.6,201.9,197.2,193.8,191.4,189.3,186.5,182.9,178.8,174.6,170.8,167.6,165.3,163.1,160.4,156.7,151.9,146.1,139.3,131.6,123.5,115.2,107.2,99.8,93.1,87,81.7,76.4,71.6,66.7,62.5,59.1,56,52.7,50.2,47.7,45.6,43.7,42.1,
Ukraine,UKR,"Mortality rate, under-5 (per 1,000 live births)",SH.DYN.MORT,,,,,,,,,,,,32,31,30.1,29.3,28.7,28.1,27.6,27.1,26.6,26,25.3,24.5,23.7,22.8,21.9,21.1,20.4,19.9,19.4,19.2,19.2,19.3,19.6,19.9,20.1,20.2,20,19.6,19,18.2,17.5,16.6,15.9,15.1,14.5,13.9,13.4,12.9,12.3,11.7,11.2,10.6,10.2,9.8,9.4,9.2,8.9,8.7,8.5,8.4,8.2,
Upper middle income,UMC,"Mortality rate, under-5 (per 1,000 live births)",SH.DYN.MORT,,,,,,,,,,,,,,,,,,,,,,,,,,,,,,,52.2,51,49.6,48.1,46.4,44.6,42.8,40.9,39.1,37.2,35.3,33.3,31.3,29.4,27.6,26,24.5,22.9,21.4,20,18.7,17.6,16.5,15.7,14.8,14.2,13.5,12.8,12.6,12.2,12,11.8,
Uruguay,URY,"Mortality rate, under-5 (per 1,000 live births)",SH.DYN.MORT,63.5,62.2,60.7,59.3,58.3,57.7,57.4,56.9,56.2,55.2,54,53.2,53.3,54.1,54.9,55.2,54.4,52.1,48.4,44.1,39.6,35.8,33,31,29.6,28.5,27.4,26.2,25,23.8,22.9,22.3,21.8,21.4,21,20.6,20,19.2,18.4,17.6,17,16.6,16.2,15.8,15.2,14.4,13.6,12.7,11.9,11.3,10.8,10.4,10,9.7,9.3,8.9,8.4,7.9,7.3,6.8,6.3,5.8,
United States,USA,"Mortality rate, under-5 (per 1,000 live births)",SH.DYN.MORT,30.1,29.5,28.9,28.3,27.7,27.1,26.4,25.7,24.9,24.1,23.2,22.4,21.5,20.6,19.7,18.8,17.9,17.1,16.3,15.6,15,14.4,13.9,13.4,13,12.7,12.4,12.1,11.9,11.6,11.2,10.9,10.5,10.1,9.8,9.5,9.2,8.9,8.8,8.6,8.4,8.3,8.2,8.1,8.1,8,7.9,7.7,7.6,7.5,7.3,7.2,7.1,7,6.9,6.8,6.7,6.6,6.5,6.4,6.3,6.2,
Uzbekistan,UZB,"Mortality rate, under-5 (per 1,000 live births)",SH.DYN.MORT,,,,,,,,,,,,,,,,,,,,126.9,118.2,109.9,102.3,95.6,89.6,84.3,79.7,76,73.1,71.2,70.3,70.1,70.2,70.2,69.9,69.4,68.6,67.4,65.7,63.4,60.5,57.1,53.5,49.9,46.2,42.7,39.4,36.2,33.2,30.5,28,25.8,23.8,22.1,20.5,19.2,18,17,16.2,15.4,14.7,14.1,
St. Vincent and the Grenadines,VCT,"Mortality rate, under-5 (per 1,000 live births)",SH.DYN.MORT,174.7,163.6,150,135.3,121,108.2,97.4,88.7,82,77.4,74.7,73.7,73.9,74.8,75.5,74.8,72.5,68.6,63.6,58.2,52.9,47.9,43.3,39.1,35.4,32.3,29.7,27.7,26,24.8,23.9,23.2,22.7,22.4,22.3,22.3,22.4,22.4,22.4,22.4,22.3,22.1,22,21.8,21.7,21.5,21.4,21.1,20.8,20.4,19.8,19.3,18.6,18,17.4,16.8,16.2,15.7,15.2,14.6,14.2,13.7,
"Venezuela, RB",VEN,"Mortality rate, under-5 (per 1,000 live births)",SH.DYN.MORT,79.5,76.9,74.7,72.8,71.2,69.8,68.4,67.1,65.8,64.3,62.7,60.9,59,57.1,55.3,53.6,51.7,49.9,48,46,44.1,42.3,40.6,39,37.6,36.3,34.9,33.6,32.3,30.9,29.6,28.6,27.8,27.2,26.8,26.3,25.5,24.5,23.4,22.4,21.5,20.9,20.3,19.8,19.1,18.5,17.9,17.5,17.2,17.1,17.1,17.2,17.3,17.6,18,19.1,24.2,24.2,24.2,24.2,24.2,24.2,
British Virgin Islands,VGB,"Mortality rate, under-5 (per 1,000 live births)",SH.DYN.MORT,83.6,79,74.3,69.6,65,60.6,56.6,53,49.8,47,44.7,42.7,40.9,39.4,38.1,36.9,35.7,34.5,33.3,32,30.7,29.3,27.8,26.4,25.1,23.8,22.6,21.5,20.6,19.8,19.1,18.5,18,17.5,17.1,16.8,16.5,16.3,16.1,15.9,15.7,15.6,15.6,15.5,15.5,15.4,15.3,15.3,15,14.8,14.5,14.2,13.8,13.4,13.1,12.7,12.3,11.9,11.5,11.2,10.9,10.5,
Virgin Islands (U.S.),VIR,"Mortality rate, under-5 (per 1,000 live births)",SH.DYN.MORT,,,,,,,,,,,,,,,,,,,,,,,,,,,,,,,,,,,,,,,,,,,,,,,,,,,,,,,,,,,,,,,
Vietnam,VNM,"Mortality rate, under-5 (per 1,000 live births)",SH.DYN.MORT,,,,,87.2,86.3,85.7,85,84.3,83.6,82.8,82,81,79.9,78.7,77.4,75.9,74.3,72.7,71,69.4,67.8,66.3,64.9,63.4,62,60.3,58.5,56.4,54.1,51.7,49.1,46.6,44,41.6,39.2,37,35,33.1,31.5,30,28.7,27.6,26.7,25.8,25.1,24.5,24.1,23.7,23.3,23,22.8,22.6,22.3,22.1,21.9,21.7,21.5,21.3,21.1,20.9,20.6,
Vanuatu,VUT,"Mortality rate, under-5 (per 1,000 live births)",SH.DYN.MORT,151.5,147.3,142.7,138.2,133.3,128.7,123.9,119.1,114.3,109.7,105.3,101,96.9,93,89.3,85.6,82,78.3,74.6,70.7,66.7,62.6,58.7,54.7,51,47.6,44.6,41.9,39.7,37.7,36,34.5,33.3,32.2,31.4,30.7,30.2,29.8,29.4,29.1,28.8,28.6,28.4,28.3,28.2,28.2,28.3,28.4,28.5,28.6,28.6,28.7,28.6,28.3,27.8,27.3,26.7,26,25.3,24.7,24,23.2,
World,WLD,"Mortality rate, under-5 (per 1,000 live births)",SH.DYN.MORT,,,,,,,,,,,,,,,,,,,,,,,,,,,,,,,93,92.1,91.5,90.3,89.2,87.3,85.5,83.5,81.4,79,76.3,73.8,71.2,68.5,66,63.1,60.5,58,55.7,53.3,51.4,49.5,47.6,46,44.4,43.2,41.9,40.6,40,39.3,38.7,38.1,
Samoa,WSM,"Mortality rate, under-5 (per 1,000 live births)",SH.DYN.MORT,107.1,102.9,99,95.6,111.3,89.2,85.9,82.6,79.2,75.7,72.2,68.8,65.5,62.4,59.4,56.5,53.7,51.1,48.6,46.2,44.1,42.1,40.2,38.6,37,35.6,34.2,33,31.8,30.8,29.8,28.9,28,27.1,26.2,25.3,24.5,23.7,22.8,22,21.3,20.6,20.1,19.7,19.4,19.3,19.3,19.3,19.4,25.7,19.4,19.3,19.1,19,18.8,18.6,18.4,18.2,17.9,17.5,17.1,16.7,
Kosovo,XKX,"Mortality rate, under-5 (per 1,000 live births)",SH.DYN.MORT,,,,,,,,,,,,,,,,,,,,,,,,,,147.6,137.4,128.3,119.7,111.8,104.6,97.7,91.3,85.2,79.4,73.8,68.3,63.1,58.1,53.3,48.8,44.5,40.6,37,33.8,30.8,28.2,25.8,23.8,21.9,20.2,18.8,17.5,16.3,15.3,14.4,13.5,12.6,11.9,11.2,10.5,10,
"Yemen, Rep.",YEM,"Mortality rate, under-5 (per 1,000 live births)",SH.DYN.MORT,429.1,421.9,414.9,407.8,399.4,390.2,379.7,368.1,355.8,343.2,330.7,318.4,306.8,295.7,284.6,273,260.8,248.2,235.2,222.2,209.3,196.8,184.7,173.4,163.2,154.5,147.1,140.8,135.4,130.6,126.4,122.8,119.6,116.8,114.4,112.1,109.8,107,103.6,99.5,95.1,90.5,85.9,81.4,77.2,73.1,69.3,65.7,62.6,60.2,58.9,58.7,58.9,58.5,58.8,60.8,60.5,60.3,61.7,61.6,59.7,61.9,
South Africa,ZAF,"Mortality rate, under-5 (per 1,000 live births)",SH.DYN.MORT,,,,,,,,,,,,,,,128.6,122.2,116.2,110.3,104.8,99.5,94.7,90.1,85.8,81.9,78.2,74.8,71.6,68.8,66.2,64,62.2,60.9,60.1,59.9,60.4,61.3,62.6,64.5,66.6,68.6,71,73.3,75.2,76.5,77.8,79.2,78.9,74.6,68.3,59.9,51.6,45.5,41.5,39.6,38.3,37.3,36.6,35.8,35.1,34.3,33.7,32.8,
Zambia,ZMB,"Mortality rate, under-5 (per 1,000 live births)",SH.DYN.MORT,204.5,200.7,197.3,194.4,191.9,190,188.8,187.9,186.6,184.5,180.8,175.9,170,164.5,159.6,156.2,154.6,154.3,154.7,155.3,156.2,157,158,160.2,163.6,167.7,172,175.8,178.9,181,182.3,182.9,182.7,181.2,178.2,174.8,171.6,168.6,165.4,161.6,155.7,147,136.5,126,115.8,106.7,98.9,93.3,88.5,83.3,78.7,76.5,74.5,72,69.5,68.2,65.3,64.2,64.2,62.6,59.7,57.7,
Zimbabwe,ZWE,"Mortality rate, under-5 (per 1,000 live births)",SH.DYN.MORT,151.1,147,142.9,138.7,134.6,130.6,126.9,123.6,120.5,118.2,116.5,115.3,114.4,114,114.1,114.4,114.7,114.8,114.3,112.8,110.3,106.2,100.8,94.7,88.5,82.9,78.5,75.9,75.2,76.6,79.6,83.5,87.6,91.7,95.5,98.7,100.4,100.8,100,98.2,96.2,94.5,93.4,92.6,92.9,93.7,95.6,96.2,94.7,91.3,86.1,80.6,72.1,66.2,62.6,60.5,57.9,56.2,53.7,52.7,51.8,49.5,
